"PRODUCT SUMMARY REPORTSYSTEM(s):  3PLWHSEntire DatabaseSort/Group By: Company Name, Product Type, Sort Level 1, Sort Level 2Then By: Product ID - Left AlignedZero Balances Included      Discontinued Products IncludedShipping Transactions Included     Pull Type Transactions IncludedOffset Component Usage w/Assemblies IncludedAll Items","Print Time:","Print Date:","(UTC-08:00) Pacific Time US & Canada", 2:34 pm,02/06/2024,"Product Id","Product Description","On Hand","On Order","Reserved","Unavailable","Available","Replenish Point","BackOrdered","Expected","Ave. Mthly UsgePast 12 Mnths.*","Owner :  Bonafide Provisions LLC","Type :  Regular","Undefined","Undefined","Undefined","Undefined","ACV55GAL","Vinegar - Apple Cider - Organic",660,0,0,0,660,,0,0,298,"* The Average Monthly Usage is calculated based on the past 12 ""complete"" months.","Page -1 of 1"
"PRODUCT SUMMARY REPORTSYSTEM(s):  3PLWHSEntire DatabaseSort/Group By: Company Name, Product Type, Sort Level 1, Sort Level 2Then By: Product ID - Left AlignedZero Balances Included      Discontinued Products IncludedShipping Transactions Included     Pull Type Transactions IncludedOffset Component Usage w/Assemblies IncludedAll Items","Print Time:","Print Date:","(UTC-08:00) Pacific Time US & Canada", 2:34 pm,02/06/2024,"Product Id","Product Description","On Hand","On Order","Reserved","Unavailable","Available","Replenish Point","BackOrdered","Expected","Ave. Mthly UsgePast 12 Mnths.*","Owner :  Bonafide Provisions LLC","Type :  Regular","Undefined","Undefined","Undefined","Undefined","BASIL50#","Basil - Organic",50,0,0,0,50,,0,0,0,"* The Average Monthly Usage is calculated based on the past 12 ""complete"" months.","Page -1 of 1"
"PRODUCT SUMMARY REPORTSYSTEM(s):  3PLWHSEntire DatabaseSort/Group By: Company Name, Product Type, Sort Level 1, Sort Level 2Then By: Product ID - Left AlignedZero Balances Included      Discontinued Products IncludedShipping Transactions Included     Pull Type Transactions IncludedOffset Component Usage w/Assemblies IncludedAll Items","Print Time:","Print Date:","(UTC-08:00) Pacific Time US & Canada", 2:34 pm,02/06/2024,"Product Id","Product Description","On Hand","On Order","Reserved","Unavailable","Available","Replenish Point","BackOrdered","Expected","Ave. Mthly UsgePast 12 Mnths.*","Owner :  Bonafide Provisions LLC","Type :  Regular","Undefined","Undefined","Undefined","Undefined","BEEFBOX","Shippers/Boxes - Beef Bone Broth",0,0,0,0,0,,0,"7,345","2,164","* The Average Monthly Usage is calculated based on the past 12 ""complete"" months.","Page -1 of 1"
"PRODUCT SUMMARY REPORTSYSTEM(s):  3PLWHSEntire DatabaseSort/Group By: Company Name, Product Type, Sort Level 1, Sort Level 2Then By: Product ID - Left AlignedZero Balances Included      Discontinued Products IncludedShipping Transactions Included     Pull Type Transactions IncludedOffset Component Usage w/Assemblies IncludedAll Items","Print Time:","Print Date:","(UTC-08:00) Pacific Time US & Canada", 2:34 pm,02/06/2024,"Product Id","Product Description","On Hand","On Order","Reserved","Unavailable","Available","Replenish Point","BackOrdered","Expected","Ave. Mthly UsgePast 12 Mnths.*","Owner :  Bonafide Provisions LLC","Type :  Regular","Undefined","Undefined","Undefined","Undefined","BEEPOU","Pouches - Beef Bone Broth","77,200",0,0,0,"77,200",,0,"300,800","45,028","* The Average Monthly Usage is calculated based on the past 12 ""complete"" months.","Page -1 of 1"
"PRODUCT SUMMARY REPORTSYSTEM(s):  3PLWHSEntire DatabaseSort/Group By: Company Name, Product Type, Sort Level 1, Sort Level 2Then By: Product ID - Left AlignedZero Balances Included      Discontinued Products IncludedShipping Transactions Included     Pull Type Transactions IncludedOffset Component Usage w/Assemblies IncludedAll Items","Print Time:","Print Date:","(UTC-08:00) Pacific Time US & Canada", 2:34 pm,02/06/2024,"Product Id","Product Description","On Hand","On Order","Reserved","Unavailable","Available","Replenish Point","BackOrdered","Expected","Ave. Mthly UsgePast 12 Mnths.*","Owner :  Bonafide Provisions LLC","Type :  Regular","Undefined","Undefined","Undefined","Undefined","BEWELL800#","Be Well Sleeve 800 Count","48,540",0,0,0,"48,540",,0,"1,460",0,"* The Average Monthly Usage is calculated based on the past 12 ""complete"" months.","Page -1 of 1"
"PRODUCT SUMMARY REPORTSYSTEM(s):  3PLWHSEntire DatabaseSort/Group By: Company Name, Product Type, Sort Level 1, Sort Level 2Then By: Product ID - Left AlignedZero Balances Included      Discontinued Products IncludedShipping Transactions Included     Pull Type Transactions IncludedOffset Component Usage w/Assemblies IncludedAll Items","Print Time:","Print Date:","(UTC-08:00) Pacific Time US & Canada", 2:34 pm,02/06/2024,"Product Id","Product Description","On Hand","On Order","Reserved","Unavailable","Available","Replenish Point","BackOrdered","Expected","Ave. Mthly UsgePast 12 Mnths.*","Owner :  Bonafide Provisions LLC","Type :  Regular","Undefined","Undefined","Undefined","Undefined","BSQPOU","Pouches - Butternut Squash","32,000",0,0,0,"32,000",,0,"30,000","6,000","* The Average Monthly Usage is calculated based on the past 12 ""complete"" months.","Page -1 of 1"
"PRODUCT SUMMARY REPORTSYSTEM(s):  3PLWHSEntire DatabaseSort/Group By: Company Name, Product Type, Sort Level 1, Sort Level 2Then By: Product ID - Left AlignedZero Balances Included      Discontinued Products IncludedShipping Transactions Included     Pull Type Transactions IncludedOffset Component Usage w/Assemblies IncludedAll Items","Print Time:","Print Date:","(UTC-08:00) Pacific Time US & Canada", 2:34 pm,02/06/2024,"Product Id","Product Description","On Hand","On Order","Reserved","Unavailable","Available","Replenish Point","BackOrdered","Expected","Ave. Mthly UsgePast 12 Mnths.*","Owner :  Bonafide Provisions LLC","Type :  Regular","Undefined","Undefined","Undefined","Undefined","BUTTERBOX","Shippers/Boxes - Butternut Squash","1,500",0,0,0,"1,500",,0,0,"1,250","* The Average Monthly Usage is calculated based on the past 12 ""complete"" months.","Page -1 of 1"
"PRODUCT SUMMARY REPORTSYSTEM(s):  3PLWHSEntire DatabaseSort/Group By: Company Name, Product Type, Sort Level 1, Sort Level 2Then By: Product ID - Left AlignedZero Balances Included      Discontinued Products IncludedShipping Transactions Included     Pull Type Transactions IncludedOffset Component Usage w/Assemblies IncludedAll Items","Print Time:","Print Date:","(UTC-08:00) Pacific Time US & Canada", 2:34 pm,02/06/2024,"Product Id","Product Description","On Hand","On Order","Reserved","Unavailable","Available","Replenish Point","BackOrdered","Expected","Ave. Mthly UsgePast 12 Mnths.*","Owner :  Bonafide Provisions LLC","Type :  Regular","Undefined","Undefined","Undefined","Undefined","BUTTERBOX650#","Shippers/Boxes - Butternut Squash",650,0,0,0,650,,0,0,0,"* The Average Monthly Usage is calculated based on the past 12 ""complete"" months.","Page -1 of 1"
"PRODUCT SUMMARY REPORTSYSTEM(s):  3PLWHSEntire DatabaseSort/Group By: Company Name, Product Type, Sort Level 1, Sort Level 2Then By: Product ID - Left AlignedZero Balances Included      Discontinued Products IncludedShipping Transactions Included     Pull Type Transactions IncludedOffset Component Usage w/Assemblies IncludedAll Items","Print Time:","Print Date:","(UTC-08:00) Pacific Time US & Canada", 2:34 pm,02/06/2024,"Product Id","Product Description","On Hand","On Order","Reserved","Unavailable","Available","Replenish Point","BackOrdered","Expected","Ave. Mthly UsgePast 12 Mnths.*","Owner :  Bonafide Provisions LLC","Type :  Regular","Undefined","Undefined","Undefined","Undefined","BWLMGBOX","Shippers/Boxes - Functional Broth (BW)","2,375",0,0,0,"2,375",,0,0,"2,155","* The Average Monthly Usage is calculated based on the past 12 ""complete"" months.","Page -1 of 1"
"PRODUCT SUMMARY REPORTSYSTEM(s):  3PLWHSEntire DatabaseSort/Group By: Company Name, Product Type, Sort Level 1, Sort Level 2Then By: Product ID - Left AlignedZero Balances Included      Discontinued Products IncludedShipping Transactions Included     Pull Type Transactions IncludedOffset Component Usage w/Assemblies IncludedAll Items","Print Time:","Print Date:","(UTC-08:00) Pacific Time US & Canada", 2:34 pm,02/06/2024,"Product Id","Product Description","On Hand","On Order","Reserved","Unavailable","Available","Replenish Point","BackOrdered","Expected","Ave. Mthly UsgePast 12 Mnths.*","Owner :  Bonafide Provisions LLC","Type :  Regular","Undefined","Undefined","Undefined","Undefined","BWLMGBOX600#","Shippers/Boxes - Functional Broth (BW)",0,0,0,0,0,,0,0,85,"* The Average Monthly Usage is calculated based on the past 12 ""complete"" months.","Page -1 of 1"
"PRODUCT SUMMARY REPORTSYSTEM(s):  3PLWHSEntire DatabaseSort/Group By: Company Name, Product Type, Sort Level 1, Sort Level 2Then By: Product ID - Left AlignedZero Balances Included      Discontinued Products IncludedShipping Transactions Included     Pull Type Transactions IncludedOffset Component Usage w/Assemblies IncludedAll Items","Print Time:","Print Date:","(UTC-08:00) Pacific Time US & Canada", 2:34 pm,02/06/2024,"Product Id","Product Description","On Hand","On Order","Reserved","Unavailable","Available","Replenish Point","BackOrdered","Expected","Ave. Mthly UsgePast 12 Mnths.*","Owner :  Bonafide Provisions LLC","Type :  Regular","Undefined","Undefined","Undefined","Undefined","BWLTCBOX","Shippers/Boxes - Keto Broth (LTC)","2,250",0,0,0,"2,250",,0,0,"1,409","* The Average Monthly Usage is calculated based on the past 12 ""complete"" months.","Page -1 of 1"
"PRODUCT SUMMARY REPORTSYSTEM(s):  3PLWHSEntire DatabaseSort/Group By: Company Name, Product Type, Sort Level 1, Sort Level 2Then By: Product ID - Left AlignedZero Balances Included      Discontinued Products IncludedShipping Transactions Included     Pull Type Transactions IncludedOffset Component Usage w/Assemblies IncludedAll Items","Print Time:","Print Date:","(UTC-08:00) Pacific Time US & Canada", 2:34 pm,02/06/2024,"Product Id","Product Description","On Hand","On Order","Reserved","Unavailable","Available","Replenish Point","BackOrdered","Expected","Ave. Mthly UsgePast 12 Mnths.*","Owner :  Bonafide Provisions LLC","Type :  Regular","Undefined","Undefined","Undefined","Undefined","BWLTCBOX525#","Shippers/Boxes - Keto Broth (LTC)",0,0,0,0,0,,0,0,75,"* The Average Monthly Usage is calculated based on the past 12 ""complete"" months.","Page -1 of 1"
"PRODUCT SUMMARY REPORTSYSTEM(s):  3PLWHSEntire DatabaseSort/Group By: Company Name, Product Type, Sort Level 1, Sort Level 2Then By: Product ID - Left AlignedZero Balances Included      Discontinued Products IncludedShipping Transactions Included     Pull Type Transactions IncludedOffset Component Usage w/Assemblies IncludedAll Items","Print Time:","Print Date:","(UTC-08:00) Pacific Time US & Canada", 2:34 pm,02/06/2024,"Product Id","Product Description","On Hand","On Order","Reserved","Unavailable","Available","Replenish Point","BackOrdered","Expected","Ave. Mthly UsgePast 12 Mnths.*","Owner :  Bonafide Provisions LLC","Type :  Regular","Undefined","Undefined","Undefined","Undefined","CASSETTE","SpaceKraft Cassette & Shroud",24,0,0,0,24,,0,72,33,"* The Average Monthly Usage is calculated based on the past 12 ""complete"" months.","Page -1 of 1"
"PRODUCT SUMMARY REPORTSYSTEM(s):  3PLWHSEntire DatabaseSort/Group By: Company Name, Product Type, Sort Level 1, Sort Level 2Then By: Product ID - Left AlignedZero Balances Included      Discontinued Products IncludedShipping Transactions Included     Pull Type Transactions IncludedOffset Component Usage w/Assemblies IncludedAll Items","Print Time:","Print Date:","(UTC-08:00) Pacific Time US & Canada", 2:34 pm,02/06/2024,"Product Id","Product Description","On Hand","On Order","Reserved","Unavailable","Available","Replenish Point","BackOrdered","Expected","Ave. Mthly UsgePast 12 Mnths.*","Owner :  Bonafide Provisions LLC","Type :  Regular","Undefined","Undefined","Undefined","Undefined","CHBOX","25pack - Shippers/Boxes - Chicken Broth",0,0,0,0,0,,0,250,"5,451","* The Average Monthly Usage is calculated based on the past 12 ""complete"" months.","Page -1 of 1"
"PRODUCT SUMMARY REPORTSYSTEM(s):  3PLWHSEntire DatabaseSort/Group By: Company Name, Product Type, Sort Level 1, Sort Level 2Then By: Product ID - Left AlignedZero Balances Included      Discontinued Products IncludedShipping Transactions Included     Pull Type Transactions IncludedOffset Component Usage w/Assemblies IncludedAll Items","Print Time:","Print Date:","(UTC-08:00) Pacific Time US & Canada", 2:34 pm,02/06/2024,"Product Id","Product Description","On Hand","On Order","Reserved","Unavailable","Available","Replenish Point","BackOrdered","Expected","Ave. Mthly UsgePast 12 Mnths.*","Owner :  Bonafide Provisions LLC","Type :  Regular","Undefined","Undefined","Undefined","Undefined","CHBOX810#","Shippers/Boxes - Chicken Broth",0,0,0,0,0,,0,0,115,"* The Average Monthly Usage is calculated based on the past 12 ""complete"" months.","Page -1 of 1"
"PRODUCT SUMMARY REPORTSYSTEM(s):  3PLWHSEntire DatabaseSort/Group By: Company Name, Product Type, Sort Level 1, Sort Level 2Then By: Product ID - Left AlignedZero Balances Included      Discontinued Products IncludedShipping Transactions Included     Pull Type Transactions IncludedOffset Component Usage w/Assemblies IncludedAll Items","Print Time:","Print Date:","(UTC-08:00) Pacific Time US & Canada", 2:34 pm,02/06/2024,"Product Id","Product Description","On Hand","On Order","Reserved","Unavailable","Available","Replenish Point","BackOrdered","Expected","Ave. Mthly UsgePast 12 Mnths.*","Owner :  Bonafide Provisions LLC","Type :  Regular","Undefined","Undefined","Undefined","Undefined","CHVEGBOX","Shippers/Boxes - Chicken Vegetable",0,0,0,0,0,,0,0,"1,375","* The Average Monthly Usage is calculated based on the past 12 ""complete"" months.","Page -1 of 1"
"PRODUCT SUMMARY REPORTSYSTEM(s):  3PLWHSEntire DatabaseSort/Group By: Company Name, Product Type, Sort Level 1, Sort Level 2Then By: Product ID - Left AlignedZero Balances Included      Discontinued Products IncludedShipping Transactions Included     Pull Type Transactions IncludedOffset Component Usage w/Assemblies IncludedAll Items","Print Time:","Print Date:","(UTC-08:00) Pacific Time US & Canada", 2:34 pm,02/06/2024,"Product Id","Product Description","On Hand","On Order","Reserved","Unavailable","Available","Replenish Point","BackOrdered","Expected","Ave. Mthly UsgePast 12 Mnths.*","Owner :  Bonafide Provisions LLC","Type :  Regular","Undefined","Undefined","Undefined","Undefined","CHXPOU","Pouches - Chicken Bone Broth","197,200",0,0,0,"197,200",,0,"246,650","75,714","* The Average Monthly Usage is calculated based on the past 12 ""complete"" months.","Page -1 of 1"
"PRODUCT SUMMARY REPORTSYSTEM(s):  3PLWHSEntire DatabaseSort/Group By: Company Name, Product Type, Sort Level 1, Sort Level 2Then By: Product ID - Left AlignedZero Balances Included      Discontinued Products IncludedShipping Transactions Included     Pull Type Transactions IncludedOffset Component Usage w/Assemblies IncludedAll Items","Print Time:","Print Date:","(UTC-08:00) Pacific Time US & Canada", 2:34 pm,02/06/2024,"Product Id","Product Description","On Hand","On Order","Reserved","Unavailable","Available","Replenish Point","BackOrdered","Expected","Ave. Mthly UsgePast 12 Mnths.*","Owner :  Bonafide Provisions LLC","Type :  Regular","Undefined","Undefined","Undefined","Undefined","CUP12OZ","Broth Cup","75,600",0,0,0,"75,600",,0,"127,320","28,440","* The Average Monthly Usage is calculated based on the past 12 ""complete"" months.","Page -1 of 1"
"PRODUCT SUMMARY REPORTSYSTEM(s):  3PLWHSEntire DatabaseSort/Group By: Company Name, Product Type, Sort Level 1, Sort Level 2Then By: Product ID - Left AlignedZero Balances Included      Discontinued Products IncludedShipping Transactions Included     Pull Type Transactions IncludedOffset Component Usage w/Assemblies IncludedAll Items","Print Time:","Print Date:","(UTC-08:00) Pacific Time US & Canada", 2:34 pm,02/06/2024,"Product Id","Product Description","On Hand","On Order","Reserved","Unavailable","Available","Replenish Point","BackOrdered","Expected","Ave. Mthly UsgePast 12 Mnths.*","Owner :  Bonafide Provisions LLC","Type :  Regular","Undefined","Undefined","Undefined","Undefined","CUPSEAL","Keto Broth Seal",0,0,0,0,0,,0,0,1,"* The Average Monthly Usage is calculated based on the past 12 ""complete"" months.","Page -1 of 1"
"PRODUCT SUMMARY REPORTSYSTEM(s):  3PLWHSEntire DatabaseSort/Group By: Company Name, Product Type, Sort Level 1, Sort Level 2Then By: Product ID - Left AlignedZero Balances Included      Discontinued Products IncludedShipping Transactions Included     Pull Type Transactions IncludedOffset Component Usage w/Assemblies IncludedAll Items","Print Time:","Print Date:","(UTC-08:00) Pacific Time US & Canada", 2:34 pm,02/06/2024,"Product Id","Product Description","On Hand","On Order","Reserved","Unavailable","Available","Replenish Point","BackOrdered","Expected","Ave. Mthly UsgePast 12 Mnths.*","Owner :  Bonafide Provisions LLC","Type :  Regular","Undefined","Undefined","Undefined","Undefined","CVGPOU","Pouches - Chicken Vegetable","49,250",0,0,0,"49,250",,0,"81,000","9,333","* The Average Monthly Usage is calculated based on the past 12 ""complete"" months.","Page -1 of 1"
"PRODUCT SUMMARY REPORTSYSTEM(s):  3PLWHSEntire DatabaseSort/Group By: Company Name, Product Type, Sort Level 1, Sort Level 2Then By: Product ID - Left AlignedZero Balances Included      Discontinued Products IncludedShipping Transactions Included     Pull Type Transactions IncludedOffset Component Usage w/Assemblies IncludedAll Items","Print Time:","Print Date:","(UTC-08:00) Pacific Time US & Canada", 2:34 pm,02/06/2024,"Product Id","Product Description","On Hand","On Order","Reserved","Unavailable","Available","Replenish Point","BackOrdered","Expected","Ave. Mthly UsgePast 12 Mnths.*","Owner :  Bonafide Provisions LLC","Type :  Regular","Undefined","Undefined","Undefined","Undefined","EVOIL","Oil -Organic - Coconut Oil",0,0,0,0,0,,0,0,278,"* The Average Monthly Usage is calculated based on the past 12 ""complete"" months.","Page -1 of 1"
"PRODUCT SUMMARY REPORTSYSTEM(s):  3PLWHSEntire DatabaseSort/Group By: Company Name, Product Type, Sort Level 1, Sort Level 2Then By: Product ID - Left AlignedZero Balances Included      Discontinued Products IncludedShipping Transactions Included     Pull Type Transactions IncludedOffset Component Usage w/Assemblies IncludedAll Items","Print Time:","Print Date:","(UTC-08:00) Pacific Time US & Canada", 2:34 pm,02/06/2024,"Product Id","Product Description","On Hand","On Order","Reserved","Unavailable","Available","Replenish Point","BackOrdered","Expected","Ave. Mthly UsgePast 12 Mnths.*","Owner :  Bonafide Provisions LLC","Type :  Regular","Undefined","Undefined","Undefined","Undefined","FINEPEP50#","Fine Black Pepper",0,0,0,0,0,,0,0,10,"* The Average Monthly Usage is calculated based on the past 12 ""complete"" months.","Page -1 of 1"
"PRODUCT SUMMARY REPORTSYSTEM(s):  3PLWHSEntire DatabaseSort/Group By: Company Name, Product Type, Sort Level 1, Sort Level 2Then By: Product ID - Left AlignedZero Balances Included      Discontinued Products IncludedShipping Transactions Included     Pull Type Transactions IncludedOffset Component Usage w/Assemblies IncludedAll Items","Print Time:","Print Date:","(UTC-08:00) Pacific Time US & Canada", 2:34 pm,02/06/2024,"Product Id","Product Description","On Hand","On Order","Reserved","Unavailable","Available","Replenish Point","BackOrdered","Expected","Ave. Mthly UsgePast 12 Mnths.*","Owner :  Bonafide Provisions LLC","Type :  Regular","Undefined","Undefined","Undefined","Undefined","FRTBOX","FRTBOX",0,0,0,0,0,,0,"1,500",900,"* The Average Monthly Usage is calculated based on the past 12 ""complete"" months.","Page -1 of 1"
"PRODUCT SUMMARY REPORTSYSTEM(s):  3PLWHSEntire DatabaseSort/Group By: Company Name, Product Type, Sort Level 1, Sort Level 2Then By: Product ID - Left AlignedZero Balances Included      Discontinued Products IncludedShipping Transactions Included     Pull Type Transactions IncludedOffset Component Usage w/Assemblies IncludedAll Items","Print Time:","Print Date:","(UTC-08:00) Pacific Time US & Canada", 2:34 pm,02/06/2024,"Product Id","Product Description","On Hand","On Order","Reserved","Unavailable","Available","Replenish Point","BackOrdered","Expected","Ave. Mthly UsgePast 12 Mnths.*","Owner :  Bonafide Provisions LLC","Type :  Regular","Undefined","Undefined","Undefined","Undefined","FRTPOU","Pouches - Frontier","5,175",0,0,0,"5,175",,0,0,"4,550","* The Average Monthly Usage is calculated based on the past 12 ""complete"" months.","Page -1 of 1"
"PRODUCT SUMMARY REPORTSYSTEM(s):  3PLWHSEntire DatabaseSort/Group By: Company Name, Product Type, Sort Level 1, Sort Level 2Then By: Product ID - Left AlignedZero Balances Included      Discontinued Products IncludedShipping Transactions Included     Pull Type Transactions IncludedOffset Component Usage w/Assemblies IncludedAll Items","Print Time:","Print Date:","(UTC-08:00) Pacific Time US & Canada", 2:34 pm,02/06/2024,"Product Id","Product Description","On Hand","On Order","Reserved","Unavailable","Available","Replenish Point","BackOrdered","Expected","Ave. Mthly UsgePast 12 Mnths.*","Owner :  Bonafide Provisions LLC","Type :  Regular","Undefined","Undefined","Undefined","Undefined","GARPOWDER55#","Garlic Powder",0,0,0,0,0,,0,0,13,"* The Average Monthly Usage is calculated based on the past 12 ""complete"" months.","Page -1 of 1"
"PRODUCT SUMMARY REPORTSYSTEM(s):  3PLWHSEntire DatabaseSort/Group By: Company Name, Product Type, Sort Level 1, Sort Level 2Then By: Product ID - Left AlignedZero Balances Included      Discontinued Products IncludedShipping Transactions Included     Pull Type Transactions IncludedOffset Component Usage w/Assemblies IncludedAll Items","Print Time:","Print Date:","(UTC-08:00) Pacific Time US & Canada", 2:34 pm,02/06/2024,"Product Id","Product Description","On Hand","On Order","Reserved","Unavailable","Available","Replenish Point","BackOrdered","Expected","Ave. Mthly UsgePast 12 Mnths.*","Owner :  Bonafide Provisions LLC","Type :  Regular","Undefined","Undefined","Undefined","Undefined","GINGER40#","Dried Ginger Powder",0,0,0,0,0,,0,0,8,"* The Average Monthly Usage is calculated based on the past 12 ""complete"" months.","Page -1 of 1"
"PRODUCT SUMMARY REPORTSYSTEM(s):  3PLWHSEntire DatabaseSort/Group By: Company Name, Product Type, Sort Level 1, Sort Level 2Then By: Product ID - Left AlignedZero Balances Included      Discontinued Products IncludedShipping Transactions Included     Pull Type Transactions IncludedOffset Component Usage w/Assemblies IncludedAll Items","Print Time:","Print Date:","(UTC-08:00) Pacific Time US & Canada", 2:34 pm,02/06/2024,"Product Id","Product Description","On Hand","On Order","Reserved","Unavailable","Available","Replenish Point","BackOrdered","Expected","Ave. Mthly UsgePast 12 Mnths.*","Owner :  Bonafide Provisions LLC","Type :  Regular","Undefined","Undefined","Undefined","Undefined","GRANGAR50#","Granulated Garlic - Organic",0,0,0,0,0,,0,0,137,"* The Average Monthly Usage is calculated based on the past 12 ""complete"" months.","Page -1 of 1"
"PRODUCT SUMMARY REPORTSYSTEM(s):  3PLWHSEntire DatabaseSort/Group By: Company Name, Product Type, Sort Level 1, Sort Level 2Then By: Product ID - Left AlignedZero Balances Included      Discontinued Products IncludedShipping Transactions Included     Pull Type Transactions IncludedOffset Component Usage w/Assemblies IncludedAll Items","Print Time:","Print Date:","(UTC-08:00) Pacific Time US & Canada", 2:34 pm,02/06/2024,"Product Id","Product Description","On Hand","On Order","Reserved","Unavailable","Available","Replenish Point","BackOrdered","Expected","Ave. Mthly UsgePast 12 Mnths.*","Owner :  Bonafide Provisions LLC","Type :  Regular","Undefined","Undefined","Undefined","Undefined","KETOLIDS","Keto Broth Cup Lid",12,0,0,0,12,,0,"1,000","8,448","* The Average Monthly Usage is calculated based on the past 12 ""complete"" months.","Page -1 of 1"
"PRODUCT SUMMARY REPORTSYSTEM(s):  3PLWHSEntire DatabaseSort/Group By: Company Name, Product Type, Sort Level 1, Sort Level 2Then By: Product ID - Left AlignedZero Balances Included      Discontinued Products IncludedShipping Transactions Included     Pull Type Transactions IncludedOffset Component Usage w/Assemblies IncludedAll Items","Print Time:","Print Date:","(UTC-08:00) Pacific Time US & Canada", 2:34 pm,02/06/2024,"Product Id","Product Description","On Hand","On Order","Reserved","Unavailable","Available","Replenish Point","BackOrdered","Expected","Ave. Mthly UsgePast 12 Mnths.*","Owner :  Bonafide Provisions LLC","Type :  Regular","Undefined","Undefined","Undefined","Undefined","LMG1280#","Sleeve - Functional Broth","2,560",0,0,0,"2,560",,0,"22,400","12,586","* The Average Monthly Usage is calculated based on the past 12 ""complete"" months.","Page -1 of 1"
"PRODUCT SUMMARY REPORTSYSTEM(s):  3PLWHSEntire DatabaseSort/Group By: Company Name, Product Type, Sort Level 1, Sort Level 2Then By: Product ID - Left AlignedZero Balances Included      Discontinued Products IncludedShipping Transactions Included     Pull Type Transactions IncludedOffset Component Usage w/Assemblies IncludedAll Items","Print Time:","Print Date:","(UTC-08:00) Pacific Time US & Canada", 2:34 pm,02/06/2024,"Product Id","Product Description","On Hand","On Order","Reserved","Unavailable","Available","Replenish Point","BackOrdered","Expected","Ave. Mthly UsgePast 12 Mnths.*","Owner :  Bonafide Provisions LLC","Type :  Regular","Undefined","Undefined","Undefined","Undefined","LMG800#","Sleeve - Functional Broth",0,0,0,0,0,,0,"50,000","3,542","* The Average Monthly Usage is calculated based on the past 12 ""complete"" months.","Page -1 of 1"
"PRODUCT SUMMARY REPORTSYSTEM(s):  3PLWHSEntire DatabaseSort/Group By: Company Name, Product Type, Sort Level 1, Sort Level 2Then By: Product ID - Left AlignedZero Balances Included      Discontinued Products IncludedShipping Transactions Included     Pull Type Transactions IncludedOffset Component Usage w/Assemblies IncludedAll Items","Print Time:","Print Date:","(UTC-08:00) Pacific Time US & Canada", 2:34 pm,02/06/2024,"Product Id","Product Description","On Hand","On Order","Reserved","Unavailable","Available","Replenish Point","BackOrdered","Expected","Ave. Mthly UsgePast 12 Mnths.*","Owner :  Bonafide Provisions LLC","Type :  Regular","Undefined","Undefined","Undefined","Undefined","LTC1840#","Sleeve - Keto Broth",0,0,0,0,0,,0,"97,080","6,045","* The Average Monthly Usage is calculated based on the past 12 ""complete"" months.","Page -1 of 1"
"PRODUCT SUMMARY REPORTSYSTEM(s):  3PLWHSEntire DatabaseSort/Group By: Company Name, Product Type, Sort Level 1, Sort Level 2Then By: Product ID - Left AlignedZero Balances Included      Discontinued Products IncludedShipping Transactions Included     Pull Type Transactions IncludedOffset Component Usage w/Assemblies IncludedAll Items","Print Time:","Print Date:","(UTC-08:00) Pacific Time US & Canada", 2:34 pm,02/06/2024,"Product Id","Product Description","On Hand","On Order","Reserved","Unavailable","Available","Replenish Point","BackOrdered","Expected","Ave. Mthly UsgePast 12 Mnths.*","Owner :  Bonafide Provisions LLC","Type :  Regular","Undefined","Undefined","Undefined","Undefined","LTC800#","Keto LTC Sleeve 800 Count","41,235",0,0,0,"41,235",,0,0,"12,000","* The Average Monthly Usage is calculated based on the past 12 ""complete"" months.","Page -1 of 1"
"PRODUCT SUMMARY REPORTSYSTEM(s):  3PLWHSEntire DatabaseSort/Group By: Company Name, Product Type, Sort Level 1, Sort Level 2Then By: Product ID - Left AlignedZero Balances Included      Discontinued Products IncludedShipping Transactions Included     Pull Type Transactions IncludedOffset Component Usage w/Assemblies IncludedAll Items","Print Time:","Print Date:","(UTC-08:00) Pacific Time US & Canada", 2:34 pm,02/06/2024,"Product Id","Product Description","On Hand","On Order","Reserved","Unavailable","Available","Replenish Point","BackOrdered","Expected","Ave. Mthly UsgePast 12 Mnths.*","Owner :  Bonafide Provisions LLC","Type :  Regular","Undefined","Undefined","Undefined","Undefined","LTC880#","Sleeve - Keto Broth",0,0,0,0,0,,0,0,0,"* The Average Monthly Usage is calculated based on the past 12 ""complete"" months.","Page -1 of 1"
"PRODUCT SUMMARY REPORTSYSTEM(s):  3PLWHSEntire DatabaseSort/Group By: Company Name, Product Type, Sort Level 1, Sort Level 2Then By: Product ID - Left AlignedZero Balances Included      Discontinued Products IncludedShipping Transactions Included     Pull Type Transactions IncludedOffset Component Usage w/Assemblies IncludedAll Items","Print Time:","Print Date:","(UTC-08:00) Pacific Time US & Canada", 2:34 pm,02/06/2024,"Product Id","Product Description","On Hand","On Order","Reserved","Unavailable","Available","Replenish Point","BackOrdered","Expected","Ave. Mthly UsgePast 12 Mnths.*","Owner :  Bonafide Provisions LLC","Type :  Regular","Undefined","Undefined","Undefined","Undefined","MCTOIL","418.88# Oil -Organic - Coconut Oil- Fractionated",0,0,0,0,0,,0,0,220,"* The Average Monthly Usage is calculated based on the past 12 ""complete"" months.","Page -1 of 1"
"PRODUCT SUMMARY REPORTSYSTEM(s):  3PLWHSEntire DatabaseSort/Group By: Company Name, Product Type, Sort Level 1, Sort Level 2Then By: Product ID - Left AlignedZero Balances Included      Discontinued Products IncludedShipping Transactions Included     Pull Type Transactions IncludedOffset Component Usage w/Assemblies IncludedAll Items","Print Time:","Print Date:","(UTC-08:00) Pacific Time US & Canada", 2:34 pm,02/06/2024,"Product Id","Product Description","On Hand","On Order","Reserved","Unavailable","Available","Replenish Point","BackOrdered","Expected","Ave. Mthly UsgePast 12 Mnths.*","Owner :  Bonafide Provisions LLC","Type :  Regular","Undefined","Undefined","Undefined","Undefined","OLIVE","Olive oil - Extra Virgin - Organic",0,0,0,0,0,,0,0,0,"* The Average Monthly Usage is calculated based on the past 12 ""complete"" months.","Page -1 of 1"
"PRODUCT SUMMARY REPORTSYSTEM(s):  3PLWHSEntire DatabaseSort/Group By: Company Name, Product Type, Sort Level 1, Sort Level 2Then By: Product ID - Left AlignedZero Balances Included      Discontinued Products IncludedShipping Transactions Included     Pull Type Transactions IncludedOffset Component Usage w/Assemblies IncludedAll Items","Print Time:","Print Date:","(UTC-08:00) Pacific Time US & Canada", 2:34 pm,02/06/2024,"Product Id","Product Description","On Hand","On Order","Reserved","Unavailable","Available","Replenish Point","BackOrdered","Expected","Ave. Mthly UsgePast 12 Mnths.*","Owner :  Bonafide Provisions LLC","Type :  Regular","Undefined","Undefined","Undefined","Undefined","OREGANO40#","Oregano",80,0,0,0,80,,0,0,20,"* The Average Monthly Usage is calculated based on the past 12 ""complete"" months.","Page -1 of 1"
"PRODUCT SUMMARY REPORTSYSTEM(s):  3PLWHSEntire DatabaseSort/Group By: Company Name, Product Type, Sort Level 1, Sort Level 2Then By: Product ID - Left AlignedZero Balances Included      Discontinued Products IncludedShipping Transactions Included     Pull Type Transactions IncludedOffset Component Usage w/Assemblies IncludedAll Items","Print Time:","Print Date:","(UTC-08:00) Pacific Time US & Canada", 2:34 pm,02/06/2024,"Product Id","Product Description","On Hand","On Order","Reserved","Unavailable","Available","Replenish Point","BackOrdered","Expected","Ave. Mthly UsgePast 12 Mnths.*","Owner :  Bonafide Provisions LLC","Type :  Regular","Undefined","Undefined","Undefined","Undefined","PARTITION","Created by 3PLWINNER. Ticket #13090
Keto Partitions","3,025",0,0,0,"3,025",,0,"4,825","2,180","* The Average Monthly Usage is calculated based on the past 12 ""complete"" months.","Page -1 of 1"
"PRODUCT SUMMARY REPORTSYSTEM(s):  3PLWHSEntire DatabaseSort/Group By: Company Name, Product Type, Sort Level 1, Sort Level 2Then By: Product ID - Left AlignedZero Balances Included      Discontinued Products IncludedShipping Transactions Included     Pull Type Transactions IncludedOffset Component Usage w/Assemblies IncludedAll Items","Print Time:","Print Date:","(UTC-08:00) Pacific Time US & Canada", 2:34 pm,02/06/2024,"Product Id","Product Description","On Hand","On Order","Reserved","Unavailable","Available","Replenish Point","BackOrdered","Expected","Ave. Mthly UsgePast 12 Mnths.*","Owner :  Bonafide Provisions LLC","Type :  Regular","Undefined","Undefined","Undefined","Undefined","PARTITION2500#","Keto Partition Set",0,0,0,0,0,,0,0,530,"* The Average Monthly Usage is calculated based on the past 12 ""complete"" months.","Page -1 of 1"
"PRODUCT SUMMARY REPORTSYSTEM(s):  3PLWHSEntire DatabaseSort/Group By: Company Name, Product Type, Sort Level 1, Sort Level 2Then By: Product ID - Left AlignedZero Balances Included      Discontinued Products IncludedShipping Transactions Included     Pull Type Transactions IncludedOffset Component Usage w/Assemblies IncludedAll Items","Print Time:","Print Date:","(UTC-08:00) Pacific Time US & Canada", 2:34 pm,02/06/2024,"Product Id","Product Description","On Hand","On Order","Reserved","Unavailable","Available","Replenish Point","BackOrdered","Expected","Ave. Mthly UsgePast 12 Mnths.*","Owner :  Bonafide Provisions LLC","Type :  Regular","Undefined","Undefined","Undefined","Undefined","PEPCORN50#","PEPCORN50#",0,0,0,0,0,,0,0,75,"* The Average Monthly Usage is calculated based on the past 12 ""complete"" months.","Page -1 of 1"
"PRODUCT SUMMARY REPORTSYSTEM(s):  3PLWHSEntire DatabaseSort/Group By: Company Name, Product Type, Sort Level 1, Sort Level 2Then By: Product ID - Left AlignedZero Balances Included      Discontinued Products IncludedShipping Transactions Included     Pull Type Transactions IncludedOffset Component Usage w/Assemblies IncludedAll Items","Print Time:","Print Date:","(UTC-08:00) Pacific Time US & Canada", 2:34 pm,02/06/2024,"Product Id","Product Description","On Hand","On Order","Reserved","Unavailable","Available","Replenish Point","BackOrdered","Expected","Ave. Mthly UsgePast 12 Mnths.*","Owner :  Bonafide Provisions LLC","Type :  Regular","Undefined","Undefined","Undefined","Undefined","ROSE40#","Rosemary - Organic",0,0,0,0,0,,0,0,24,"* The Average Monthly Usage is calculated based on the past 12 ""complete"" months.","Page -1 of 1"
"PRODUCT SUMMARY REPORTSYSTEM(s):  3PLWHSEntire DatabaseSort/Group By: Company Name, Product Type, Sort Level 1, Sort Level 2Then By: Product ID - Left AlignedZero Balances Included      Discontinued Products IncludedShipping Transactions Included     Pull Type Transactions IncludedOffset Component Usage w/Assemblies IncludedAll Items","Print Time:","Print Date:","(UTC-08:00) Pacific Time US & Canada", 2:34 pm,02/06/2024,"Product Id","Product Description","On Hand","On Order","Reserved","Unavailable","Available","Replenish Point","BackOrdered","Expected","Ave. Mthly UsgePast 12 Mnths.*","Owner :  Bonafide Provisions LLC","Type :  Regular","Undefined","Undefined","Undefined","Undefined","RST INNER","Inner on RST Tote",50,0,0,0,50,,0,0,5,"* The Average Monthly Usage is calculated based on the past 12 ""complete"" months.","Page -1 of 1"
"PRODUCT SUMMARY REPORTSYSTEM(s):  3PLWHSEntire DatabaseSort/Group By: Company Name, Product Type, Sort Level 1, Sort Level 2Then By: Product ID - Left AlignedZero Balances Included      Discontinued Products IncludedShipping Transactions Included     Pull Type Transactions IncludedOffset Component Usage w/Assemblies IncludedAll Items","Print Time:","Print Date:","(UTC-08:00) Pacific Time US & Canada", 2:34 pm,02/06/2024,"Product Id","Product Description","On Hand","On Order","Reserved","Unavailable","Available","Replenish Point","BackOrdered","Expected","Ave. Mthly UsgePast 12 Mnths.*","Owner :  Bonafide Provisions LLC","Type :  Regular","Undefined","Undefined","Undefined","Undefined","RST OUTER","Outer on RST Tote",3,0,0,0,3,,0,0,5,"* The Average Monthly Usage is calculated based on the past 12 ""complete"" months.","Page -1 of 1"
"PRODUCT SUMMARY REPORTSYSTEM(s):  3PLWHSEntire DatabaseSort/Group By: Company Name, Product Type, Sort Level 1, Sort Level 2Then By: Product ID - Left AlignedZero Balances Included      Discontinued Products IncludedShipping Transactions Included     Pull Type Transactions IncludedOffset Component Usage w/Assemblies IncludedAll Items","Print Time:","Print Date:","(UTC-08:00) Pacific Time US & Canada", 2:34 pm,02/06/2024,"Product Id","Product Description","On Hand","On Order","Reserved","Unavailable","Available","Replenish Point","BackOrdered","Expected","Ave. Mthly UsgePast 12 Mnths.*","Owner :  Bonafide Provisions LLC","Type :  Regular","Undefined","Undefined","Undefined","Undefined","RSTBOTTOM","Bottom on RST Tote",45,0,0,0,45,,0,0,5,"* The Average Monthly Usage is calculated based on the past 12 ""complete"" months.","Page -1 of 1"
"PRODUCT SUMMARY REPORTSYSTEM(s):  3PLWHSEntire DatabaseSort/Group By: Company Name, Product Type, Sort Level 1, Sort Level 2Then By: Product ID - Left AlignedZero Balances Included      Discontinued Products IncludedShipping Transactions Included     Pull Type Transactions IncludedOffset Component Usage w/Assemblies IncludedAll Items","Print Time:","Print Date:","(UTC-08:00) Pacific Time US & Canada", 2:34 pm,02/06/2024,"Product Id","Product Description","On Hand","On Order","Reserved","Unavailable","Available","Replenish Point","BackOrdered","Expected","Ave. Mthly UsgePast 12 Mnths.*","Owner :  Bonafide Provisions LLC","Type :  Regular","Undefined","Undefined","Undefined","Undefined","RSTLINER","Liners for RST Totes",0,0,0,0,0,,0,0,15,"* The Average Monthly Usage is calculated based on the past 12 ""complete"" months.","Page -1 of 1"
"PRODUCT SUMMARY REPORTSYSTEM(s):  3PLWHSEntire DatabaseSort/Group By: Company Name, Product Type, Sort Level 1, Sort Level 2Then By: Product ID - Left AlignedZero Balances Included      Discontinued Products IncludedShipping Transactions Included     Pull Type Transactions IncludedOffset Component Usage w/Assemblies IncludedAll Items","Print Time:","Print Date:","(UTC-08:00) Pacific Time US & Canada", 2:34 pm,02/06/2024,"Product Id","Product Description","On Hand","On Order","Reserved","Unavailable","Available","Replenish Point","BackOrdered","Expected","Ave. Mthly UsgePast 12 Mnths.*","Owner :  Bonafide Provisions LLC","Type :  Regular","Undefined","Undefined","Undefined","Undefined","RSTTOP","Top on RST Tote",68,0,0,0,68,,0,0,5,"* The Average Monthly Usage is calculated based on the past 12 ""complete"" months.","Page -1 of 1"
"PRODUCT SUMMARY REPORTSYSTEM(s):  3PLWHSEntire DatabaseSort/Group By: Company Name, Product Type, Sort Level 1, Sort Level 2Then By: Product ID - Left AlignedZero Balances Included      Discontinued Products IncludedShipping Transactions Included     Pull Type Transactions IncludedOffset Component Usage w/Assemblies IncludedAll Items","Print Time:","Print Date:","(UTC-08:00) Pacific Time US & Canada", 2:34 pm,02/06/2024,"Product Id","Product Description","On Hand","On Order","Reserved","Unavailable","Available","Replenish Point","BackOrdered","Expected","Ave. Mthly UsgePast 12 Mnths.*","Owner :  Bonafide Provisions LLC","Type :  Regular","Undefined","Undefined","Undefined","Undefined","SAGE50#","Sage - Organic",0,0,0,0,0,,0,0,40,"* The Average Monthly Usage is calculated based on the past 12 ""complete"" months.","Page -1 of 1"
"PRODUCT SUMMARY REPORTSYSTEM(s):  3PLWHSEntire DatabaseSort/Group By: Company Name, Product Type, Sort Level 1, Sort Level 2Then By: Product ID - Left AlignedZero Balances Included      Discontinued Products IncludedShipping Transactions Included     Pull Type Transactions IncludedOffset Component Usage w/Assemblies IncludedAll Items","Print Time:","Print Date:","(UTC-08:00) Pacific Time US & Canada", 2:34 pm,02/06/2024,"Product Id","Product Description","On Hand","On Order","Reserved","Unavailable","Available","Replenish Point","BackOrdered","Expected","Ave. Mthly UsgePast 12 Mnths.*","Owner :  Bonafide Provisions LLC","Type :  Regular","Undefined","Undefined","Undefined","Undefined","SALT55#","Sea Salt - Celtic","4,235",0,0,0,"4,235",,0,0,"1,139","* The Average Monthly Usage is calculated based on the past 12 ""complete"" months.","Page -1 of 1"
"PRODUCT SUMMARY REPORTSYSTEM(s):  3PLWHSEntire DatabaseSort/Group By: Company Name, Product Type, Sort Level 1, Sort Level 2Then By: Product ID - Left AlignedZero Balances Included      Discontinued Products IncludedShipping Transactions Included     Pull Type Transactions IncludedOffset Component Usage w/Assemblies IncludedAll Items","Print Time:","Print Date:","(UTC-08:00) Pacific Time US & Canada", 2:34 pm,02/06/2024,"Product Id","Product Description","On Hand","On Order","Reserved","Unavailable","Available","Replenish Point","BackOrdered","Expected","Ave. Mthly UsgePast 12 Mnths.*","Owner :  Bonafide Provisions LLC","Type :  Regular","Undefined","Undefined","Undefined","Undefined","SPCKRFTCOR","SpaceKraft Corrugate",36,0,0,0,36,,0,72,31,"* The Average Monthly Usage is calculated based on the past 12 ""complete"" months.","Page -1 of 1"
"PRODUCT SUMMARY REPORTSYSTEM(s):  3PLWHSEntire DatabaseSort/Group By: Company Name, Product Type, Sort Level 1, Sort Level 2Then By: Product ID - Left AlignedZero Balances Included      Discontinued Products IncludedShipping Transactions Included     Pull Type Transactions IncludedOffset Component Usage w/Assemblies IncludedAll Items","Print Time:","Print Date:","(UTC-08:00) Pacific Time US & Canada", 2:34 pm,02/06/2024,"Product Id","Product Description","On Hand","On Order","Reserved","Unavailable","Available","Replenish Point","BackOrdered","Expected","Ave. Mthly UsgePast 12 Mnths.*","Owner :  Bonafide Provisions LLC","Type :  Regular","Undefined","Undefined","Undefined","Undefined","THYME50#","Thyme - Organic",0,0,0,0,0,,0,0,40,"* The Average Monthly Usage is calculated based on the past 12 ""complete"" months.","Page -1 of 1"
"PRODUCT SUMMARY REPORTSYSTEM(s):  3PLWHSEntire DatabaseSort/Group By: Company Name, Product Type, Sort Level 1, Sort Level 2Then By: Product ID - Left AlignedZero Balances Included      Discontinued Products IncludedShipping Transactions Included     Pull Type Transactions IncludedOffset Component Usage w/Assemblies IncludedAll Items","Print Time:","Print Date:","(UTC-08:00) Pacific Time US & Canada", 2:34 pm,02/06/2024,"Product Id","Product Description","On Hand","On Order","Reserved","Unavailable","Available","Replenish Point","BackOrdered","Expected","Ave. Mthly UsgePast 12 Mnths.*","Owner :  Bonafide Provisions LLC","Type :  Regular","Undefined","Undefined","Undefined","Undefined","TJBEEPOU","Pouches - TJ Beef (total cost, incl. customs fee)",0,0,0,0,0,,0,0,0,"* The Average Monthly Usage is calculated based on the past 12 ""complete"" months.","Page -1 of 1"
"PRODUCT SUMMARY REPORTSYSTEM(s):  3PLWHSEntire DatabaseSort/Group By: Company Name, Product Type, Sort Level 1, Sort Level 2Then By: Product ID - Left AlignedZero Balances Included      Discontinued Products IncludedShipping Transactions Included     Pull Type Transactions IncludedOffset Component Usage w/Assemblies IncludedAll Items","Print Time:","Print Date:","(UTC-08:00) Pacific Time US & Canada", 2:34 pm,02/06/2024,"Product Id","Product Description","On Hand","On Order","Reserved","Unavailable","Available","Replenish Point","BackOrdered","Expected","Ave. Mthly UsgePast 12 Mnths.*","Owner :  Bonafide Provisions LLC","Type :  Regular","Undefined","Undefined","Undefined","Undefined","TJBOX","Shippers/Boxes - TJ's Blank",0,0,0,0,0,,0,250,"2,910","* The Average Monthly Usage is calculated based on the past 12 ""complete"" months.","Page -1 of 1"
"PRODUCT SUMMARY REPORTSYSTEM(s):  3PLWHSEntire DatabaseSort/Group By: Company Name, Product Type, Sort Level 1, Sort Level 2Then By: Product ID - Left AlignedZero Balances Included      Discontinued Products IncludedShipping Transactions Included     Pull Type Transactions IncludedOffset Component Usage w/Assemblies IncludedAll Items","Print Time:","Print Date:","(UTC-08:00) Pacific Time US & Canada", 2:34 pm,02/06/2024,"Product Id","Product Description","On Hand","On Order","Reserved","Unavailable","Available","Replenish Point","BackOrdered","Expected","Ave. Mthly UsgePast 12 Mnths.*","Owner :  Bonafide Provisions LLC","Type :  Regular","Undefined","Undefined","Undefined","Undefined","TJCHPOU","Trader Joes Chicken Pouches","300,000",0,0,"300,000",0,,0,"13,200","123,257","* The Average Monthly Usage is calculated based on the past 12 ""complete"" months.","Page -1 of 1"
"PRODUCT SUMMARY REPORTSYSTEM(s):  3PLWHSEntire DatabaseSort/Group By: Company Name, Product Type, Sort Level 1, Sort Level 2Then By: Product ID - Left AlignedZero Balances Included      Discontinued Products IncludedShipping Transactions Included     Pull Type Transactions IncludedOffset Component Usage w/Assemblies IncludedAll Items","Print Time:","Print Date:","(UTC-08:00) Pacific Time US & Canada", 2:34 pm,02/06/2024,"Product Id","Product Description","On Hand","On Order","Reserved","Unavailable","Available","Replenish Point","BackOrdered","Expected","Ave. Mthly UsgePast 12 Mnths.*","Owner :  Bonafide Provisions LLC","Type :  Regular","Undefined","Undefined","Undefined","Undefined","TOTE","Totes",0,0,0,0,0,,0,0,0,"* The Average Monthly Usage is calculated based on the past 12 ""complete"" months.","Page -1 of 1"
"PRODUCT SUMMARY REPORTSYSTEM(s):  3PLWHSEntire DatabaseSort/Group By: Company Name, Product Type, Sort Level 1, Sort Level 2Then By: Product ID - Left AlignedZero Balances Included      Discontinued Products IncludedShipping Transactions Included     Pull Type Transactions IncludedOffset Component Usage w/Assemblies IncludedAll Items","Print Time:","Print Date:","(UTC-08:00) Pacific Time US & Canada", 2:34 pm,02/06/2024,"Product Id","Product Description","On Hand","On Order","Reserved","Unavailable","Available","Replenish Point","BackOrdered","Expected","Ave. Mthly UsgePast 12 Mnths.*","Owner :  Bonafide Provisions LLC","Type :  Regular","Undefined","Undefined","Undefined","Undefined","TPASTE","Tomato Paste - Organic",0,0,0,0,0,,0,"2,001",22,"* The Average Monthly Usage is calculated based on the past 12 ""complete"" months.","Page -1 of 1"
"PRODUCT SUMMARY REPORTSYSTEM(s):  3PLWHSEntire DatabaseSort/Group By: Company Name, Product Type, Sort Level 1, Sort Level 2Then By: Product ID - Left AlignedZero Balances Included      Discontinued Products IncludedShipping Transactions Included     Pull Type Transactions IncludedOffset Component Usage w/Assemblies IncludedAll Items","Print Time:","Print Date:","(UTC-08:00) Pacific Time US & Canada", 2:34 pm,02/06/2024,"Product Id","Product Description","On Hand","On Order","Reserved","Unavailable","Available","Replenish Point","BackOrdered","Expected","Ave. Mthly UsgePast 12 Mnths.*","Owner :  Bonafide Provisions LLC","Type :  Regular","Undefined","Undefined","Undefined","Undefined","TURKBAG","BAG - TURKEY BONE BROTH","11,550",0,0,0,"11,550",,0,0,"13,710","* The Average Monthly Usage is calculated based on the past 12 ""complete"" months.","Page -1 of 1"
"PRODUCT SUMMARY REPORTSYSTEM(s):  3PLWHSEntire DatabaseSort/Group By: Company Name, Product Type, Sort Level 1, Sort Level 2Then By: Product ID - Left AlignedZero Balances Included      Discontinued Products IncludedShipping Transactions Included     Pull Type Transactions IncludedOffset Component Usage w/Assemblies IncludedAll Items","Print Time:","Print Date:","(UTC-08:00) Pacific Time US & Canada", 2:34 pm,02/06/2024,"Product Id","Product Description","On Hand","On Order","Reserved","Unavailable","Available","Replenish Point","BackOrdered","Expected","Ave. Mthly UsgePast 12 Mnths.*","Owner :  Bonafide Provisions LLC","Type :  Regular","Undefined","Undefined","Undefined","Undefined","TURKBOX","Shippers/Boxes - Turkey","3,217",0,0,0,"3,217",,0,0,"1,412","* The Average Monthly Usage is calculated based on the past 12 ""complete"" months.","Page -1 of 1"
"PRODUCT SUMMARY REPORTSYSTEM(s):  3PLWHSEntire DatabaseSort/Group By: Company Name, Product Type, Sort Level 1, Sort Level 2Then By: Product ID - Left AlignedZero Balances Included      Discontinued Products IncludedShipping Transactions Included     Pull Type Transactions IncludedOffset Component Usage w/Assemblies IncludedAll Items","Print Time:","Print Date:","(UTC-08:00) Pacific Time US & Canada", 2:34 pm,02/06/2024,"Product Id","Product Description","On Hand","On Order","Reserved","Unavailable","Available","Replenish Point","BackOrdered","Expected","Ave. Mthly UsgePast 12 Mnths.*","Owner :  Bonafide Provisions LLC","Type :  Regular","Undefined","Undefined","Undefined","Undefined","TURMGROU40#","Turmeric - Organic",100,0,0,0,100,,0,0,10,"* The Average Monthly Usage is calculated based on the past 12 ""complete"" months.","Page -1 of 1"
