"PRODUCT SUMMARY REPORTSYSTEM(s):  3PLWHSEntire DatabaseSort/Group By: Company Name, Product Type, Sort Level 1, Sort Level 2Then By: Product ID - Left AlignedZero Balances Included      Discontinued Products IncludedShipping Transactions Included     Pull Type Transactions IncludedOffset Component Usage w/Assemblies IncludedAll Items","Print Time:","Print Date:","(UTC-08:00) Pacific Time US & Canada", 2:40 pm,02/06/2024,"Product Id","Product Description","On Hand","On Order","Reserved","Unavailable","Available","Replenish Point","BackOrdered","Expected","Ave. Mthly UsgePast 12 Mnths.*","Owner :  Taoglas USA, Inc","Type :  Regular","Undefined","Undefined","Undefined","Undefined","306718E000000A","TGC200 Coaxial Cable_PE_Black",0,0,0,0,0,,0,0,"2,250,000","* The Average Monthly Usage is calculated based on the past 12 ""complete"" months.","Page -1 of 1"
"PRODUCT SUMMARY REPORTSYSTEM(s):  3PLWHSEntire DatabaseSort/Group By: Company Name, Product Type, Sort Level 1, Sort Level 2Then By: Product ID - Left AlignedZero Balances Included      Discontinued Products IncludedShipping Transactions Included     Pull Type Transactions IncludedOffset Component Usage w/Assemblies IncludedAll Items","Print Time:","Print Date:","(UTC-08:00) Pacific Time US & Canada", 2:40 pm,02/06/2024,"Product Id","Product Description","On Hand","On Order","Reserved","Unavailable","Available","Replenish Point","BackOrdered","Expected","Ave. Mthly UsgePast 12 Mnths.*","Owner :  Taoglas USA, Inc","Type :  Regular","Undefined","Undefined","Undefined","Undefined","A.30.A.301111","Ultima - Straight  Screwmount GPS-GLONASS-GALILEO 3M SMA(M) RG-174",0,0,0,0,0,,0,0,0,"* The Average Monthly Usage is calculated based on the past 12 ""complete"" months.","Page -1 of 1"
"PRODUCT SUMMARY REPORTSYSTEM(s):  3PLWHSEntire DatabaseSort/Group By: Company Name, Product Type, Sort Level 1, Sort Level 2Then By: Product ID - Left AlignedZero Balances Included      Discontinued Products IncludedShipping Transactions Included     Pull Type Transactions IncludedOffset Component Usage w/Assemblies IncludedAll Items","Print Time:","Print Date:","(UTC-08:00) Pacific Time US & Canada", 2:40 pm,02/06/2024,"Product Id","Product Description","On Hand","On Order","Reserved","Unavailable","Available","Replenish Point","BackOrdered","Expected","Ave. Mthly UsgePast 12 Mnths.*","Owner :  Taoglas USA, Inc","Type :  Regular","Undefined","Undefined","Undefined","Undefined","A.80.A.101111","Bolt - Low Profile High Precision GNSS L1 & L2 Antenna with 1M RG-174 & SMA(M)",0,0,0,0,0,,0,0,50,"* The Average Monthly Usage is calculated based on the past 12 ""complete"" months.","Page -1 of 1"
"PRODUCT SUMMARY REPORTSYSTEM(s):  3PLWHSEntire DatabaseSort/Group By: Company Name, Product Type, Sort Level 1, Sort Level 2Then By: Product ID - Left AlignedZero Balances Included      Discontinued Products IncludedShipping Transactions Included     Pull Type Transactions IncludedOffset Component Usage w/Assemblies IncludedAll Items","Print Time:","Print Date:","(UTC-08:00) Pacific Time US & Canada", 2:40 pm,02/06/2024,"Product Id","Product Description","On Hand","On Order","Reserved","Unavailable","Available","Replenish Point","BackOrdered","Expected","Ave. Mthly UsgePast 12 Mnths.*","Owner :  Taoglas USA, Inc","Type :  Regular","Undefined","Undefined","Undefined","Undefined","AA.220.16811621","Optimus 1681 mm RG-174 GNSS: Farkra code Blue",0,0,0,0,0,,0,0,3,"* The Average Monthly Usage is calculated based on the past 12 ""complete"" months.","Page -1 of 1"
"PRODUCT SUMMARY REPORTSYSTEM(s):  3PLWHSEntire DatabaseSort/Group By: Company Name, Product Type, Sort Level 1, Sort Level 2Then By: Product ID - Left AlignedZero Balances Included      Discontinued Products IncludedShipping Transactions Included     Pull Type Transactions IncludedOffset Component Usage w/Assemblies IncludedAll Items","Print Time:","Print Date:","(UTC-08:00) Pacific Time US & Canada", 2:40 pm,02/06/2024,"Product Id","Product Description","On Hand","On Order","Reserved","Unavailable","Available","Replenish Point","BackOrdered","Expected","Ave. Mthly UsgePast 12 Mnths.*","Owner :  Taoglas USA, Inc","Type :  Regular","Undefined","Undefined","Undefined","Undefined","CAB.011","IPEX MHFI to SMA(F)BKST 95mm 1.13 cable",0,0,0,0,0,,0,0,0,"* The Average Monthly Usage is calculated based on the past 12 ""complete"" months.","Page -1 of 1"
"PRODUCT SUMMARY REPORTSYSTEM(s):  3PLWHSEntire DatabaseSort/Group By: Company Name, Product Type, Sort Level 1, Sort Level 2Then By: Product ID - Left AlignedZero Balances Included      Discontinued Products IncludedShipping Transactions Included     Pull Type Transactions IncludedOffset Component Usage w/Assemblies IncludedAll Items","Print Time:","Print Date:","(UTC-08:00) Pacific Time US & Canada", 2:40 pm,02/06/2024,"Product Id","Product Description","On Hand","On Order","Reserved","Unavailable","Available","Replenish Point","BackOrdered","Expected","Ave. Mthly UsgePast 12 Mnths.*","Owner :  Taoglas USA, Inc","Type :  Regular","Undefined","Undefined","Undefined","Undefined","CAB.721","Hirose U.FL to SMA(F)BKST 100mm 1.32",0,0,0,0,0,,0,0,0,"* The Average Monthly Usage is calculated based on the past 12 ""complete"" months.","Page -1 of 1"
"PRODUCT SUMMARY REPORTSYSTEM(s):  3PLWHSEntire DatabaseSort/Group By: Company Name, Product Type, Sort Level 1, Sort Level 2Then By: Product ID - Left AlignedZero Balances Included      Discontinued Products IncludedShipping Transactions Included     Pull Type Transactions IncludedOffset Component Usage w/Assemblies IncludedAll Items","Print Time:","Print Date:","(UTC-08:00) Pacific Time US & Canada", 2:40 pm,02/06/2024,"Product Id","Product Description","On Hand","On Order","Reserved","Unavailable","Available","Replenish Point","BackOrdered","Expected","Ave. Mthly UsgePast 12 Mnths.*","Owner :  Taoglas USA, Inc","Type :  Regular","Undefined","Undefined","Undefined","Undefined","compactors; waste electric;(2000) HC5","compactors; waste electric;(2000) HC5",0,0,0,0,0,,0,0,0,"* The Average Monthly Usage is calculated based on the past 12 ""complete"" months.","Page -1 of 1"
"PRODUCT SUMMARY REPORTSYSTEM(s):  3PLWHSEntire DatabaseSort/Group By: Company Name, Product Type, Sort Level 1, Sort Level 2Then By: Product ID - Left AlignedZero Balances Included      Discontinued Products IncludedShipping Transactions Included     Pull Type Transactions IncludedOffset Component Usage w/Assemblies IncludedAll Items","Print Time:","Print Date:","(UTC-08:00) Pacific Time US & Canada", 2:40 pm,02/06/2024,"Product Id","Product Description","On Hand","On Order","Reserved","Unavailable","Available","Replenish Point","BackOrdered","Expected","Ave. Mthly UsgePast 12 Mnths.*","Owner :  Taoglas USA, Inc","Type :  Regular","Undefined","Undefined","Undefined","Undefined","EAHP.50.01.0100D","Embedded Active Antenna for GNSS L1/L2/L5 with 100mm RG-174 & SMA(M)",0,0,0,0,0,,0,0,24,"* The Average Monthly Usage is calculated based on the past 12 ""complete"" months.","Page -1 of 1"
"PRODUCT SUMMARY REPORTSYSTEM(s):  3PLWHSEntire DatabaseSort/Group By: Company Name, Product Type, Sort Level 1, Sort Level 2Then By: Product ID - Left AlignedZero Balances Included      Discontinued Products IncludedShipping Transactions Included     Pull Type Transactions IncludedOffset Component Usage w/Assemblies IncludedAll Items","Print Time:","Print Date:","(UTC-08:00) Pacific Time US & Canada", 2:40 pm,02/06/2024,"Product Id","Product Description","On Hand","On Order","Reserved","Unavailable","Available","Replenish Point","BackOrdered","Expected","Ave. Mthly UsgePast 12 Mnths.*","Owner :  Taoglas USA, Inc","Type :  Regular","Undefined","Undefined","Undefined","Undefined","FXUWB20.01.0100C","Ultra Wide Band Flex Antenna 3.1~5GHz & 6~10.3GHz with 100mm 1.37 SMA(M)ST",0,0,0,0,0,,0,0,50,"* The Average Monthly Usage is calculated based on the past 12 ""complete"" months.","Page -1 of 1"
"PRODUCT SUMMARY REPORTSYSTEM(s):  3PLWHSEntire DatabaseSort/Group By: Company Name, Product Type, Sort Level 1, Sort Level 2Then By: Product ID - Left AlignedZero Balances Included      Discontinued Products IncludedShipping Transactions Included     Pull Type Transactions IncludedOffset Component Usage w/Assemblies IncludedAll Items","Print Time:","Print Date:","(UTC-08:00) Pacific Time US & Canada", 2:40 pm,02/06/2024,"Product Id","Product Description","On Hand","On Order","Reserved","Unavailable","Available","Replenish Point","BackOrdered","Expected","Ave. Mthly UsgePast 12 Mnths.*","Owner :  Taoglas USA, Inc","Type :  Regular","Undefined","Undefined","Undefined","Undefined","G30.B.01528111","Olympian 2G/3G/4G LTE/Wi-Fi 698-960/2400/1710~2690MHz Screwmount Antenna 152mm RG-316 SMA(M)",0,0,0,0,0,,0,0,25,"* The Average Monthly Usage is calculated based on the past 12 ""complete"" months.","Page -1 of 1"
"PRODUCT SUMMARY REPORTSYSTEM(s):  3PLWHSEntire DatabaseSort/Group By: Company Name, Product Type, Sort Level 1, Sort Level 2Then By: Product ID - Left AlignedZero Balances Included      Discontinued Products IncludedShipping Transactions Included     Pull Type Transactions IncludedOffset Component Usage w/Assemblies IncludedAll Items","Print Time:","Print Date:","(UTC-08:00) Pacific Time US & Canada", 2:40 pm,02/06/2024,"Product Id","Product Description","On Hand","On Order","Reserved","Unavailable","Available","Replenish Point","BackOrdered","Expected","Ave. Mthly UsgePast 12 Mnths.*","Owner :  Taoglas USA, Inc","Type :  Regular","Undefined","Undefined","Undefined","Undefined","G45.A.201111","Olympian II 2G/3G/4G LTE Screwmount Antenna 2m RG-174 SMA(M)",0,0,0,0,0,,0,0,0,"* The Average Monthly Usage is calculated based on the past 12 ""complete"" months.","Page -1 of 1"
"PRODUCT SUMMARY REPORTSYSTEM(s):  3PLWHSEntire DatabaseSort/Group By: Company Name, Product Type, Sort Level 1, Sort Level 2Then By: Product ID - Left AlignedZero Balances Included      Discontinued Products IncludedShipping Transactions Included     Pull Type Transactions IncludedOffset Component Usage w/Assemblies IncludedAll Items","Print Time:","Print Date:","(UTC-08:00) Pacific Time US & Canada", 2:40 pm,02/06/2024,"Product Id","Product Description","On Hand","On Order","Reserved","Unavailable","Available","Replenish Point","BackOrdered","Expected","Ave. Mthly UsgePast 12 Mnths.*","Owner :  Taoglas USA, Inc","Type :  Regular","Undefined","Undefined","Undefined","Undefined","GSA.8822.B.09141111.ft","T-Bar Antenna:824-960/1710-1990/1900-2200MHz 36in(914mm) RG-174 SMA(M) 17.8mm ht srk",0,0,0,0,0,,0,0,222,"* The Average Monthly Usage is calculated based on the past 12 ""complete"" months.","Page -1 of 1"
"PRODUCT SUMMARY REPORTSYSTEM(s):  3PLWHSEntire DatabaseSort/Group By: Company Name, Product Type, Sort Level 1, Sort Level 2Then By: Product ID - Left AlignedZero Balances Included      Discontinued Products IncludedShipping Transactions Included     Pull Type Transactions IncludedOffset Component Usage w/Assemblies IncludedAll Items","Print Time:","Print Date:","(UTC-08:00) Pacific Time US & Canada", 2:40 pm,02/06/2024,"Product Id","Product Description","On Hand","On Order","Reserved","Unavailable","Available","Replenish Point","BackOrdered","Expected","Ave. Mthly UsgePast 12 Mnths.*","Owner :  Taoglas USA, Inc","Type :  Regular","Undefined","Undefined","Undefined","Undefined","GSA.8835.A.151111","GSA.8835 4G/5G IP67 I-Bar with 1.5M RG-174 SMA(M)",0,0,0,0,0,,0,0,275,"* The Average Monthly Usage is calculated based on the past 12 ""complete"" months.","Page -1 of 1"
"PRODUCT SUMMARY REPORTSYSTEM(s):  3PLWHSEntire DatabaseSort/Group By: Company Name, Product Type, Sort Level 1, Sort Level 2Then By: Product ID - Left AlignedZero Balances Included      Discontinued Products IncludedShipping Transactions Included     Pull Type Transactions IncludedOffset Component Usage w/Assemblies IncludedAll Items","Print Time:","Print Date:","(UTC-08:00) Pacific Time US & Canada", 2:40 pm,02/06/2024,"Product Id","Product Description","On Hand","On Order","Reserved","Unavailable","Available","Replenish Point","BackOrdered","Expected","Ave. Mthly UsgePast 12 Mnths.*","Owner :  Taoglas USA, Inc","Type :  Regular","Undefined","Undefined","Undefined","Undefined","HARDWARE","HARDWARE",1,0,0,0,1,,0,0,0,"* The Average Monthly Usage is calculated based on the past 12 ""complete"" months.","Page -1 of 1"
"PRODUCT SUMMARY REPORTSYSTEM(s):  3PLWHSEntire DatabaseSort/Group By: Company Name, Product Type, Sort Level 1, Sort Level 2Then By: Product ID - Left AlignedZero Balances Included      Discontinued Products IncludedShipping Transactions Included     Pull Type Transactions IncludedOffset Component Usage w/Assemblies IncludedAll Items","Print Time:","Print Date:","(UTC-08:00) Pacific Time US & Canada", 2:40 pm,02/06/2024,"Product Id","Product Description","On Hand","On Order","Reserved","Unavailable","Available","Replenish Point","BackOrdered","Expected","Ave. Mthly UsgePast 12 Mnths.*","Owner :  Taoglas USA, Inc","Type :  Regular","Undefined","Undefined","Undefined","Undefined","LMA100.A.BI.002","LTE MIMO Antenna 2G/3G/4G LTE (MIMO1&2) 2M CFD200 SMA(M)ST",996,0,0,0,996,,0,0,928,"* The Average Monthly Usage is calculated based on the past 12 ""complete"" months.","Page -1 of 1"
"PRODUCT SUMMARY REPORTSYSTEM(s):  3PLWHSEntire DatabaseSort/Group By: Company Name, Product Type, Sort Level 1, Sort Level 2Then By: Product ID - Left AlignedZero Balances Included      Discontinued Products IncludedShipping Transactions Included     Pull Type Transactions IncludedOffset Component Usage w/Assemblies IncludedAll Items","Print Time:","Print Date:","(UTC-08:00) Pacific Time US & Canada", 2:40 pm,02/06/2024,"Product Id","Product Description","On Hand","On Order","Reserved","Unavailable","Available","Replenish Point","BackOrdered","Expected","Ave. Mthly UsgePast 12 Mnths.*","Owner :  Taoglas USA, Inc","Type :  Regular","Undefined","Undefined","Undefined","Undefined","LMA100.A.BI.012","LTE MIMO Antenna 2G/3G/4G LTE (MIMO1&2) 2M TGC200 RP SMA(M)ST",58,0,0,0,58,,0,0,573,"* The Average Monthly Usage is calculated based on the past 12 ""complete"" months.","Page -1 of 1"
"PRODUCT SUMMARY REPORTSYSTEM(s):  3PLWHSEntire DatabaseSort/Group By: Company Name, Product Type, Sort Level 1, Sort Level 2Then By: Product ID - Left AlignedZero Balances Included      Discontinued Products IncludedShipping Transactions Included     Pull Type Transactions IncludedOffset Component Usage w/Assemblies IncludedAll Items","Print Time:","Print Date:","(UTC-08:00) Pacific Time US & Canada", 2:40 pm,02/06/2024,"Product Id","Product Description","On Hand","On Order","Reserved","Unavailable","Available","Replenish Point","BackOrdered","Expected","Ave. Mthly UsgePast 12 Mnths.*","Owner :  Taoglas USA, Inc","Type :  Regular","Undefined","Undefined","Undefined","Undefined","LMA101.A.BI.001","LTE MIMO Magnetic Antenna 5G/4G (MIMO1&2) 1M CFD200 SMA(M)ST","2,000",0,0,0,"2,000",,0,0,0,"* The Average Monthly Usage is calculated based on the past 12 ""complete"" months.","Page -1 of 1"
"PRODUCT SUMMARY REPORTSYSTEM(s):  3PLWHSEntire DatabaseSort/Group By: Company Name, Product Type, Sort Level 1, Sort Level 2Then By: Product ID - Left AlignedZero Balances Included      Discontinued Products IncludedShipping Transactions Included     Pull Type Transactions IncludedOffset Component Usage w/Assemblies IncludedAll Items","Print Time:","Print Date:","(UTC-08:00) Pacific Time US & Canada", 2:40 pm,02/06/2024,"Product Id","Product Description","On Hand","On Order","Reserved","Unavailable","Available","Replenish Point","BackOrdered","Expected","Ave. Mthly UsgePast 12 Mnths.*","Owner :  Taoglas USA, Inc","Type :  Regular","Undefined","Undefined","Undefined","Undefined","MA1280.K.LBICGRT.001","7 in 1 RAPTOR iii (MA128.A.LBICGRT.001+ braided assembly)",255,0,0,0,255,,0,0,18,"* The Average Monthly Usage is calculated based on the past 12 ""complete"" months.","Page -1 of 1"
"PRODUCT SUMMARY REPORTSYSTEM(s):  3PLWHSEntire DatabaseSort/Group By: Company Name, Product Type, Sort Level 1, Sort Level 2Then By: Product ID - Left AlignedZero Balances Included      Discontinued Products IncludedShipping Transactions Included     Pull Type Transactions IncludedOffset Component Usage w/Assemblies IncludedAll Items","Print Time:","Print Date:","(UTC-08:00) Pacific Time US & Canada", 2:40 pm,02/06/2024,"Product Id","Product Description","On Hand","On Order","Reserved","Unavailable","Available","Replenish Point","BackOrdered","Expected","Ave. Mthly UsgePast 12 Mnths.*","Owner :  Taoglas USA, Inc","Type :  Regular","Undefined","Undefined","Undefined","Undefined","MA1506.AK.001","Synergy 6 in 1 GNSIS SMA (m) 2*5g/4G SMA(M) 3* WI-FI RP-SMA(M) and braided assembly 5M TGC 200",320,0,0,0,320,,0,0,0,"* The Average Monthly Usage is calculated based on the past 12 ""complete"" months.","Page -1 of 1"
"PRODUCT SUMMARY REPORTSYSTEM(s):  3PLWHSEntire DatabaseSort/Group By: Company Name, Product Type, Sort Level 1, Sort Level 2Then By: Product ID - Left AlignedZero Balances Included      Discontinued Products IncludedShipping Transactions Included     Pull Type Transactions IncludedOffset Component Usage w/Assemblies IncludedAll Items","Print Time:","Print Date:","(UTC-08:00) Pacific Time US & Canada", 2:40 pm,02/06/2024,"Product Id","Product Description","On Hand","On Order","Reserved","Unavailable","Available","Replenish Point","BackOrdered","Expected","Ave. Mthly UsgePast 12 Mnths.*","Owner :  Taoglas USA, Inc","Type :  Regular","Undefined","Undefined","Undefined","Undefined","MA1508.AK.001","Synergy 8-in-1 GNSS SMA(M):4*5G/4G SMA(M):3*Wi-Fi RP-SMA(M) and braided cable assembly 5m TGC-200",424,0,0,0,424,,0,0,0,"* The Average Monthly Usage is calculated based on the past 12 ""complete"" months.","Page -1 of 1"
"PRODUCT SUMMARY REPORTSYSTEM(s):  3PLWHSEntire DatabaseSort/Group By: Company Name, Product Type, Sort Level 1, Sort Level 2Then By: Product ID - Left AlignedZero Balances Included      Discontinued Products IncludedShipping Transactions Included     Pull Type Transactions IncludedOffset Component Usage w/Assemblies IncludedAll Items","Print Time:","Print Date:","(UTC-08:00) Pacific Time US & Canada", 2:40 pm,02/06/2024,"Product Id","Product Description","On Hand","On Order","Reserved","Unavailable","Available","Replenish Point","BackOrdered","Expected","Ave. Mthly UsgePast 12 Mnths.*","Owner :  Taoglas USA, Inc","Type :  Regular","Undefined","Undefined","Undefined","Undefined","MA1509.AK.001","Synergy 9-in-1 GNSS SMA(M):5*5G/4G SMA(M):3*Wi-Fi RP-SMA(M) and braided cable assembly 5m TGC-200",0,0,0,0,0,,0,0,14,"* The Average Monthly Usage is calculated based on the past 12 ""complete"" months.","Page -1 of 1"
"PRODUCT SUMMARY REPORTSYSTEM(s):  3PLWHSEntire DatabaseSort/Group By: Company Name, Product Type, Sort Level 1, Sort Level 2Then By: Product ID - Left AlignedZero Balances Included      Discontinued Products IncludedShipping Transactions Included     Pull Type Transactions IncludedOffset Component Usage w/Assemblies IncludedAll Items","Print Time:","Print Date:","(UTC-08:00) Pacific Time US & Canada", 2:40 pm,02/06/2024,"Product Id","Product Description","On Hand","On Order","Reserved","Unavailable","Available","Replenish Point","BackOrdered","Expected","Ave. Mthly UsgePast 12 Mnths.*","Owner :  Taoglas USA, Inc","Type :  Regular","Undefined","Undefined","Undefined","Undefined","MA1509.AK.005","Synergy 9-in-1 GNSS SMA(M):4*5G/4G SMA(M):4*Wi-Fi RP-SMA(M) and braided cable assembly 5m TGC-200",464,0,0,0,464,,0,0,0,"* The Average Monthly Usage is calculated based on the past 12 ""complete"" months.","Page -1 of 1"
"PRODUCT SUMMARY REPORTSYSTEM(s):  3PLWHSEntire DatabaseSort/Group By: Company Name, Product Type, Sort Level 1, Sort Level 2Then By: Product ID - Left AlignedZero Balances Included      Discontinued Products IncludedShipping Transactions Included     Pull Type Transactions IncludedOffset Component Usage w/Assemblies IncludedAll Items","Print Time:","Print Date:","(UTC-08:00) Pacific Time US & Canada", 2:40 pm,02/06/2024,"Product Id","Product Description","On Hand","On Order","Reserved","Unavailable","Available","Replenish Point","BackOrdered","Expected","Ave. Mthly UsgePast 12 Mnths.*","Owner :  Taoglas USA, Inc","Type :  Regular","Undefined","Undefined","Undefined","Undefined","MA170.A.BI.011.FU","Monsoon 0.3M LTE MIMO(1&2) SMA(M)ST TGC-200-no adhesive",0,0,0,0,0,,0,0,62,"* The Average Monthly Usage is calculated based on the past 12 ""complete"" months.","Page -1 of 1"
"PRODUCT SUMMARY REPORTSYSTEM(s):  3PLWHSEntire DatabaseSort/Group By: Company Name, Product Type, Sort Level 1, Sort Level 2Then By: Product ID - Left AlignedZero Balances Included      Discontinued Products IncludedShipping Transactions Included     Pull Type Transactions IncludedOffset Component Usage w/Assemblies IncludedAll Items","Print Time:","Print Date:","(UTC-08:00) Pacific Time US & Canada", 2:40 pm,02/06/2024,"Product Id","Product Description","On Hand","On Order","Reserved","Unavailable","Available","Replenish Point","BackOrdered","Expected","Ave. Mthly UsgePast 12 Mnths.*","Owner :  Taoglas USA, Inc","Type :  Regular","Undefined","Undefined","Undefined","Undefined","MA220.LB.003","Optimus GPS/GLONASS:3M RG-174 SMA(M)-Cellular:3M RG-174 SMC(F) Plug",0,0,0,0,0,,0,0,27,"* The Average Monthly Usage is calculated based on the past 12 ""complete"" months.","Page -1 of 1"
"PRODUCT SUMMARY REPORTSYSTEM(s):  3PLWHSEntire DatabaseSort/Group By: Company Name, Product Type, Sort Level 1, Sort Level 2Then By: Product ID - Left AlignedZero Balances Included      Discontinued Products IncludedShipping Transactions Included     Pull Type Transactions IncludedOffset Component Usage w/Assemblies IncludedAll Items","Print Time:","Print Date:","(UTC-08:00) Pacific Time US & Canada", 2:40 pm,02/06/2024,"Product Id","Product Description","On Hand","On Order","Reserved","Unavailable","Available","Replenish Point","BackOrdered","Expected","Ave. Mthly UsgePast 12 Mnths.*","Owner :  Taoglas USA, Inc","Type :  Regular","Undefined","Undefined","Undefined","Undefined","MA230.LBC.015","ma230 3 in 1 stream 3M GNSS","1,560",0,0,0,"1,560",,0,0,"1,054","* The Average Monthly Usage is calculated based on the past 12 ""complete"" months.","Page -1 of 1"
"PRODUCT SUMMARY REPORTSYSTEM(s):  3PLWHSEntire DatabaseSort/Group By: Company Name, Product Type, Sort Level 1, Sort Level 2Then By: Product ID - Left AlignedZero Balances Included      Discontinued Products IncludedShipping Transactions Included     Pull Type Transactions IncludedOffset Component Usage w/Assemblies IncludedAll Items","Print Time:","Print Date:","(UTC-08:00) Pacific Time US & Canada", 2:40 pm,02/06/2024,"Product Id","Product Description","On Hand","On Order","Reserved","Unavailable","Available","Replenish Point","BackOrdered","Expected","Ave. Mthly UsgePast 12 Mnths.*","Owner :  Taoglas USA, Inc","Type :  Regular","Undefined","Undefined","Undefined","Undefined","MA241.BI.001","MA241 Genesis LTE, Cellular, UMTSC (MIMO1&2) 2M NFC-200 SMACM","50,510",0,0,0,"50,510",,0,"26,534","7,453","* The Average Monthly Usage is calculated based on the past 12 ""complete"" months.","Page -1 of 1"
"PRODUCT SUMMARY REPORTSYSTEM(s):  3PLWHSEntire DatabaseSort/Group By: Company Name, Product Type, Sort Level 1, Sort Level 2Then By: Product ID - Left AlignedZero Balances Included      Discontinued Products IncludedShipping Transactions Included     Pull Type Transactions IncludedOffset Component Usage w/Assemblies IncludedAll Items","Print Time:","Print Date:","(UTC-08:00) Pacific Time US & Canada", 2:40 pm,02/06/2024,"Product Id","Product Description","On Hand","On Order","Reserved","Unavailable","Available","Replenish Point","BackOrdered","Expected","Ave. Mthly UsgePast 12 Mnths.*","Owner :  Taoglas USA, Inc","Type :  Regular","Undefined","Undefined","Undefined","Undefined","MA241.BI.001-30","MA241 Genesis LTE, Cellular, UMTSC (MIMO1&2) 2M NFC-200 SMACM","9,974",0,0,0,"9,974",,0,0,0,"* The Average Monthly Usage is calculated based on the past 12 ""complete"" months.","Page -1 of 1"
"PRODUCT SUMMARY REPORTSYSTEM(s):  3PLWHSEntire DatabaseSort/Group By: Company Name, Product Type, Sort Level 1, Sort Level 2Then By: Product ID - Left AlignedZero Balances Included      Discontinued Products IncludedShipping Transactions Included     Pull Type Transactions IncludedOffset Component Usage w/Assemblies IncludedAll Items","Print Time:","Print Date:","(UTC-08:00) Pacific Time US & Canada", 2:40 pm,02/06/2024,"Product Id","Product Description","On Hand","On Order","Reserved","Unavailable","Available","Replenish Point","BackOrdered","Expected","Ave. Mthly UsgePast 12 Mnths.*","Owner :  Taoglas USA, Inc","Type :  Regular","Undefined","Undefined","Undefined","Undefined","MA245.LBIC.002","Genesis 4in1 GNSS:3M RG174 Fakra C LTE(MIMO1&2):3M TGC200 Fakra D WiFi: 3M TGC200 Fakra I","1,500",0,0,0,"1,500",,0,0,856,"* The Average Monthly Usage is calculated based on the past 12 ""complete"" months.","Page -1 of 1"
"PRODUCT SUMMARY REPORTSYSTEM(s):  3PLWHSEntire DatabaseSort/Group By: Company Name, Product Type, Sort Level 1, Sort Level 2Then By: Product ID - Left AlignedZero Balances Included      Discontinued Products IncludedShipping Transactions Included     Pull Type Transactions IncludedOffset Component Usage w/Assemblies IncludedAll Items","Print Time:","Print Date:","(UTC-08:00) Pacific Time US & Canada", 2:40 pm,02/06/2024,"Product Id","Product Description","On Hand","On Order","Reserved","Unavailable","Available","Replenish Point","BackOrdered","Expected","Ave. Mthly UsgePast 12 Mnths.*","Owner :  Taoglas USA, Inc","Type :  Regular","Undefined","Undefined","Undefined","Undefined","ma245.LBIC.020.ia","4in1 GNSS: 4.5SM RG174 Fraka C LTE...",0,0,0,0,0,,0,0,0,"* The Average Monthly Usage is calculated based on the past 12 ""complete"" months.","Page -1 of 1"
"PRODUCT SUMMARY REPORTSYSTEM(s):  3PLWHSEntire DatabaseSort/Group By: Company Name, Product Type, Sort Level 1, Sort Level 2Then By: Product ID - Left AlignedZero Balances Included      Discontinued Products IncludedShipping Transactions Included     Pull Type Transactions IncludedOffset Component Usage w/Assemblies IncludedAll Items","Print Time:","Print Date:","(UTC-08:00) Pacific Time US & Canada", 2:40 pm,02/06/2024,"Product Id","Product Description","On Hand","On Order","Reserved","Unavailable","Available","Replenish Point","BackOrdered","Expected","Ave. Mthly UsgePast 12 Mnths.*","Owner :  Taoglas USA, Inc","Type :  Regular","Undefined","Undefined","Undefined","Undefined","MA322.A.001","2-in-1 2x4G MIMO Adhesive / Magnetic Mount Puck Antenna with 2m 1.5DS and SMA(M)",0,0,0,0,0,,0,0,200,"* The Average Monthly Usage is calculated based on the past 12 ""complete"" months.","Page -1 of 1"
"PRODUCT SUMMARY REPORTSYSTEM(s):  3PLWHSEntire DatabaseSort/Group By: Company Name, Product Type, Sort Level 1, Sort Level 2Then By: Product ID - Left AlignedZero Balances Included      Discontinued Products IncludedShipping Transactions Included     Pull Type Transactions IncludedOffset Component Usage w/Assemblies IncludedAll Items","Print Time:","Print Date:","(UTC-08:00) Pacific Time US & Canada", 2:40 pm,02/06/2024,"Product Id","Product Description","On Hand","On Order","Reserved","Unavailable","Available","Replenish Point","BackOrdered","Expected","Ave. Mthly UsgePast 12 Mnths.*","Owner :  Taoglas USA, Inc","Type :  Regular","Undefined","Undefined","Undefined","Undefined","MA412.A.BI.038.FU","Storm Screwmount 762mm(30in) LTE(1&2) TGC-200 SMA(M) No Adhesive on back","1,013",0,0,0,"1,013",,0,0,0,"* The Average Monthly Usage is calculated based on the past 12 ""complete"" months.","Page -1 of 1"
"PRODUCT SUMMARY REPORTSYSTEM(s):  3PLWHSEntire DatabaseSort/Group By: Company Name, Product Type, Sort Level 1, Sort Level 2Then By: Product ID - Left AlignedZero Balances Included      Discontinued Products IncludedShipping Transactions Included     Pull Type Transactions IncludedOffset Component Usage w/Assemblies IncludedAll Items","Print Time:","Print Date:","(UTC-08:00) Pacific Time US & Canada", 2:40 pm,02/06/2024,"Product Id","Product Description","On Hand","On Order","Reserved","Unavailable","Available","Replenish Point","BackOrdered","Expected","Ave. Mthly UsgePast 12 Mnths.*","Owner :  Taoglas USA, Inc","Type :  Regular","Undefined","Undefined","Undefined","Undefined","MA450.G.LBICG.002.KZ","Storm 5in1 Gray 6ft(1829mm) RG316 GNSS SMA(M): LTE(1&2) RG316 SMA(M): WiFi(1&2) RG316 RP-SMA(M)",0,0,0,0,0,,0,0,56,"* The Average Monthly Usage is calculated based on the past 12 ""complete"" months.","Page -1 of 1"
"PRODUCT SUMMARY REPORTSYSTEM(s):  3PLWHSEntire DatabaseSort/Group By: Company Name, Product Type, Sort Level 1, Sort Level 2Then By: Product ID - Left AlignedZero Balances Included      Discontinued Products IncludedShipping Transactions Included     Pull Type Transactions IncludedOffset Component Usage w/Assemblies IncludedAll Items","Print Time:","Print Date:","(UTC-08:00) Pacific Time US & Canada", 2:40 pm,02/06/2024,"Product Id","Product Description","On Hand","On Order","Reserved","Unavailable","Available","Replenish Point","BackOrdered","Expected","Ave. Mthly UsgePast 12 Mnths.*","Owner :  Taoglas USA, Inc","Type :  Regular","Undefined","Undefined","Undefined","Undefined","MA511.C.W.C.001.FD","Hercules White Screwmount WiFi (2.4/5.8GHz) 3inch (76mm) RG-316 RP-SMA(M)",0,0,0,0,0,,0,0,0,"* The Average Monthly Usage is calculated based on the past 12 ""complete"" months.","Page -1 of 1"
"PRODUCT SUMMARY REPORTSYSTEM(s):  3PLWHSEntire DatabaseSort/Group By: Company Name, Product Type, Sort Level 1, Sort Level 2Then By: Product ID - Left AlignedZero Balances Included      Discontinued Products IncludedShipping Transactions Included     Pull Type Transactions IncludedOffset Component Usage w/Assemblies IncludedAll Items","Print Time:","Print Date:","(UTC-08:00) Pacific Time US & Canada", 2:40 pm,02/06/2024,"Product Id","Product Description","On Hand","On Order","Reserved","Unavailable","Available","Replenish Point","BackOrdered","Expected","Ave. Mthly UsgePast 12 Mnths.*","Owner :  Taoglas USA, Inc","Type :  Regular","Undefined","Undefined","Undefined","Undefined","MA760.A.ABIC.003","Pantheon Screwmount 3M GPS/GLO/GALILEO -RG174 SMA(M):LTE(1&2)-CFD-200 SMA(M):Wi-Fi CFD-200 RP-SMA(M",0,0,0,0,0,,0,0,0,"* The Average Monthly Usage is calculated based on the past 12 ""complete"" months.","Page -1 of 1"
"PRODUCT SUMMARY REPORTSYSTEM(s):  3PLWHSEntire DatabaseSort/Group By: Company Name, Product Type, Sort Level 1, Sort Level 2Then By: Product ID - Left AlignedZero Balances Included      Discontinued Products IncludedShipping Transactions Included     Pull Type Transactions IncludedOffset Component Usage w/Assemblies IncludedAll Items","Print Time:","Print Date:","(UTC-08:00) Pacific Time US & Canada", 2:40 pm,02/06/2024,"Product Id","Product Description","On Hand","On Order","Reserved","Unavailable","Available","Replenish Point","BackOrdered","Expected","Ave. Mthly UsgePast 12 Mnths.*","Owner :  Taoglas USA, Inc","Type :  Regular","Undefined","Undefined","Undefined","Undefined","OMB.6912.03F21","698~960MHz and 1710~2170MHz 2-3.5dBi Omni Antenna,with N Type Female, U Bolt",0,0,0,0,0,,0,0,44,"* The Average Monthly Usage is calculated based on the past 12 ""complete"" months.","Page -1 of 1"
"PRODUCT SUMMARY REPORTSYSTEM(s):  3PLWHSEntire DatabaseSort/Group By: Company Name, Product Type, Sort Level 1, Sort Level 2Then By: Product ID - Left AlignedZero Balances Included      Discontinued Products IncludedShipping Transactions Included     Pull Type Transactions IncludedOffset Component Usage w/Assemblies IncludedAll Items","Print Time:","Print Date:","(UTC-08:00) Pacific Time US & Canada", 2:40 pm,02/06/2024,"Product Id","Product Description","On Hand","On Order","Reserved","Unavailable","Available","Replenish Point","BackOrdered","Expected","Ave. Mthly UsgePast 12 Mnths.*","Owner :  Taoglas USA, Inc","Type :  Regular","Undefined","Undefined","Undefined","Undefined","OMB.915.B08F21","915MHz 8dBi Omni Antenna, with N Type Female Connector, U-Bolt",0,0,0,0,0,,0,0,15,"* The Average Monthly Usage is calculated based on the past 12 ""complete"" months.","Page -1 of 1"
"PRODUCT SUMMARY REPORTSYSTEM(s):  3PLWHSEntire DatabaseSort/Group By: Company Name, Product Type, Sort Level 1, Sort Level 2Then By: Product ID - Left AlignedZero Balances Included      Discontinued Products IncludedShipping Transactions Included     Pull Type Transactions IncludedOffset Component Usage w/Assemblies IncludedAll Items","Print Time:","Print Date:","(UTC-08:00) Pacific Time US & Canada", 2:40 pm,02/06/2024,"Product Id","Product Description","On Hand","On Order","Reserved","Unavailable","Available","Replenish Point","BackOrdered","Expected","Ave. Mthly UsgePast 12 Mnths.*","Owner :  Taoglas USA, Inc","Type :  Regular","Undefined","Undefined","Undefined","Undefined","PLASTIC ARTICLES 4-6","PLASTIC ARTICLES 4-6",1,0,0,0,1,,0,0,0,"* The Average Monthly Usage is calculated based on the past 12 ""complete"" months.","Page -1 of 1"
"PRODUCT SUMMARY REPORTSYSTEM(s):  3PLWHSEntire DatabaseSort/Group By: Company Name, Product Type, Sort Level 1, Sort Level 2Then By: Product ID - Left AlignedZero Balances Included      Discontinued Products IncludedShipping Transactions Included     Pull Type Transactions IncludedOffset Component Usage w/Assemblies IncludedAll Items","Print Time:","Print Date:","(UTC-08:00) Pacific Time US & Canada", 2:40 pm,02/06/2024,"Product Id","Product Description","On Hand","On Order","Reserved","Unavailable","Available","Replenish Point","BackOrdered","Expected","Ave. Mthly UsgePast 12 Mnths.*","Owner :  Taoglas USA, Inc","Type :  Regular","Undefined","Undefined","Undefined","Undefined","TFM.120A","Ultra Wide Band Flex Antenna 3.1~5GHz & 6~10.3GHz with 100mm 1.37 SMA(M)ST",0,0,0,0,0,,0,0,39,"* The Average Monthly Usage is calculated based on the past 12 ""complete"" months.","Page -1 of 1"
"PRODUCT SUMMARY REPORTSYSTEM(s):  3PLWHSEntire DatabaseSort/Group By: Company Name, Product Type, Sort Level 1, Sort Level 2Then By: Product ID - Left AlignedZero Balances Included      Discontinued Products IncludedShipping Transactions Included     Pull Type Transactions IncludedOffset Component Usage w/Assemblies IncludedAll Items","Print Time:","Print Date:","(UTC-08:00) Pacific Time US & Canada", 2:40 pm,02/06/2024,"Product Id","Product Description","On Hand","On Order","Reserved","Unavailable","Available","Replenish Point","BackOrdered","Expected","Ave. Mthly UsgePast 12 Mnths.*","Owner :  Taoglas USA, Inc","Type :  Regular","Undefined","Undefined","Undefined","Undefined","TG.08.0113","Cellular/GPS/GLONASS/GALILEO/BEiDOU 1561-1575-1602 MHz antenna Hinged SMA Male",0,0,0,0,0,,0,0,0,"* The Average Monthly Usage is calculated based on the past 12 ""complete"" months.","Page -1 of 1"
"PRODUCT SUMMARY REPORTSYSTEM(s):  3PLWHSEntire DatabaseSort/Group By: Company Name, Product Type, Sort Level 1, Sort Level 2Then By: Product ID - Left AlignedZero Balances Included      Discontinued Products IncludedShipping Transactions Included     Pull Type Transactions IncludedOffset Component Usage w/Assemblies IncludedAll Items","Print Time:","Print Date:","(UTC-08:00) Pacific Time US & Canada", 2:40 pm,02/06/2024,"Product Id","Product Description","On Hand","On Order","Reserved","Unavailable","Available","Replenish Point","BackOrdered","Expected","Ave. Mthly UsgePast 12 Mnths.*","Owner :  Taoglas USA, Inc","Type :  Regular","Undefined","Undefined","Undefined","Undefined","TG.31.8113","2G/3G/4G Terminal Antenna for Cellular modules with Assisted GPS 90° Hinged R/A SMA(M)","189,900",0,0,0,"189,900",,0,0,8,"* The Average Monthly Usage is calculated based on the past 12 ""complete"" months.","Page -1 of 1"
"PRODUCT SUMMARY REPORTSYSTEM(s):  3PLWHSEntire DatabaseSort/Group By: Company Name, Product Type, Sort Level 1, Sort Level 2Then By: Product ID - Left AlignedZero Balances Included      Discontinued Products IncludedShipping Transactions Included     Pull Type Transactions IncludedOffset Component Usage w/Assemblies IncludedAll Items","Print Time:","Print Date:","(UTC-08:00) Pacific Time US & Canada", 2:40 pm,02/06/2024,"Product Id","Product Description","On Hand","On Order","Reserved","Unavailable","Available","Replenish Point","BackOrdered","Expected","Ave. Mthly UsgePast 12 Mnths.*","Owner :  Taoglas USA, Inc","Type :  Regular","Undefined","Undefined","Undefined","Undefined","TG.31.8113W","2G/3G/4G Terminal Antenna for Cellular modules with Assisted GPS 90° Hinged R/A SMA(M) White",0,0,0,0,0,,0,0,0,"* The Average Monthly Usage is calculated based on the past 12 ""complete"" months.","Page -1 of 1"
"PRODUCT SUMMARY REPORTSYSTEM(s):  3PLWHSEntire DatabaseSort/Group By: Company Name, Product Type, Sort Level 1, Sort Level 2Then By: Product ID - Left AlignedZero Balances Included      Discontinued Products IncludedShipping Transactions Included     Pull Type Transactions IncludedOffset Component Usage w/Assemblies IncludedAll Items","Print Time:","Print Date:","(UTC-08:00) Pacific Time US & Canada", 2:40 pm,02/06/2024,"Product Id","Product Description","On Hand","On Order","Reserved","Unavailable","Available","Replenish Point","BackOrdered","Expected","Ave. Mthly UsgePast 12 Mnths.*","Owner :  Taoglas USA, Inc","Type :  Regular","Undefined","Undefined","Undefined","Undefined","TG.45.8113","Apex III WideBand 4G LTE Dipole Terminal Antenna 90º Hinged R/A SMA(M) - with 450MHz",0,0,0,0,0,,0,0,0,"* The Average Monthly Usage is calculated based on the past 12 ""complete"" months.","Page -1 of 1"
"PRODUCT SUMMARY REPORTSYSTEM(s):  3PLWHSEntire DatabaseSort/Group By: Company Name, Product Type, Sort Level 1, Sort Level 2Then By: Product ID - Left AlignedZero Balances Included      Discontinued Products IncludedShipping Transactions Included     Pull Type Transactions IncludedOffset Component Usage w/Assemblies IncludedAll Items","Print Time:","Print Date:","(UTC-08:00) Pacific Time US & Canada", 2:40 pm,02/06/2024,"Product Id","Product Description","On Hand","On Order","Reserved","Unavailable","Available","Replenish Point","BackOrdered","Expected","Ave. Mthly UsgePast 12 Mnths.*","Owner :  Taoglas USA, Inc","Type :  Regular","Undefined","Undefined","Undefined","Undefined","TGX.04.A.001","4in1 Cross polarised wideband 5G/4G",0,0,0,0,0,,0,0,0,"* The Average Monthly Usage is calculated based on the past 12 ""complete"" months.","Page -1 of 1"
"PRODUCT SUMMARY REPORTSYSTEM(s):  3PLWHSEntire DatabaseSort/Group By: Company Name, Product Type, Sort Level 1, Sort Level 2Then By: Product ID - Left AlignedZero Balances Included      Discontinued Products IncludedShipping Transactions Included     Pull Type Transactions IncludedOffset Component Usage w/Assemblies IncludedAll Items","Print Time:","Print Date:","(UTC-08:00) Pacific Time US & Canada", 2:40 pm,02/06/2024,"Product Id","Product Description","On Hand","On Order","Reserved","Unavailable","Available","Replenish Point","BackOrdered","Expected","Ave. Mthly UsgePast 12 Mnths.*","Owner :  Taoglas USA, Inc","Type :  Regular","Undefined","Undefined","Undefined","Undefined","TGX.45.A.BI.01","450-6000MHz Cross Polarised Wideband 2*5G/4G MIMO Antenna 3m CFD-200 SMA(M) -Universal mount kit",0,0,0,0,0,,0,0,71,"* The Average Monthly Usage is calculated based on the past 12 ""complete"" months.","Page -1 of 1"
"PRODUCT SUMMARY REPORTSYSTEM(s):  3PLWHSEntire DatabaseSort/Group By: Company Name, Product Type, Sort Level 1, Sort Level 2Then By: Product ID - Left AlignedZero Balances Included      Discontinued Products IncludedShipping Transactions Included     Pull Type Transactions IncludedOffset Component Usage w/Assemblies IncludedAll Items","Print Time:","Print Date:","(UTC-08:00) Pacific Time US & Canada", 2:40 pm,02/06/2024,"Product Id","Product Description","On Hand","On Order","Reserved","Unavailable","Available","Replenish Point","BackOrdered","Expected","Ave. Mthly UsgePast 12 Mnths.*","Owner :  Taoglas USA, Inc","Type :  Regular","Undefined","Undefined","Undefined","Undefined","TGX.45.A.BI.02","450-6000MHz Cross Polarised Wideband 2*5G/4G MIMO Antenna 5m TGC-200 SMA(M) - Universal Mount Kit",50,0,0,0,50,,0,0,0,"* The Average Monthly Usage is calculated based on the past 12 ""complete"" months.","Page -1 of 1"
"PRODUCT SUMMARY REPORTSYSTEM(s):  3PLWHSEntire DatabaseSort/Group By: Company Name, Product Type, Sort Level 1, Sort Level 2Then By: Product ID - Left AlignedZero Balances Included      Discontinued Products IncludedShipping Transactions Included     Pull Type Transactions IncludedOffset Component Usage w/Assemblies IncludedAll Items","Print Time:","Print Date:","(UTC-08:00) Pacific Time US & Canada", 2:40 pm,02/06/2024,"Product Id","Product Description","On Hand","On Order","Reserved","Unavailable","Available","Replenish Point","BackOrdered","Expected","Ave. Mthly UsgePast 12 Mnths.*","Owner :  Taoglas USA, Inc","Type :  Regular","Undefined","Undefined","Undefined","Undefined","UWC.40","3.1-5GHz Ultra Wide Band Chip Antenna",0,0,0,0,0,,0,0,22,"* The Average Monthly Usage is calculated based on the past 12 ""complete"" months.","Page -1 of 1"
